question,answer,language,category
What crop is best for summer?,"Crops like maize, sorghum, and millet are good for summer.",en_XX,crop_recommendation
Which fertilizer is best for wheat?,Use nitrogen-rich fertilizers like Urea and DAP.,en_XX,fertilizer_advice
How to prevent pests in rice?,Use neem oil or pheromone traps to control pests.,en_XX,pest_control
What is the ideal soil for sugarcane?,Loamy soil with good drainage is ideal for sugarcane.,en_XX,soil_information
How much water does paddy need?,Paddy requires about 1200mm to 1500mm of water during the season.,en_XX,water_requirements
What crop is best for summer?,"Crops like maize, sorghum, and millet are good for summer.",en_XX,crop_recommendation
What crop is best for summer?,"Crops like maize, sorghum, and millet are good for summer.",en_XX,crop_recommendation
Which fertilizer is best for wheat?,Use nitrogen-rich fertilizers like Urea and DAP.,en_XX,fertilizer_advice
Which fertilizer is best for wheat?,Use nitrogen-rich fertilizers like Urea and DAP.,en_XX,fertilizer_advice
What crop is best for summer?,"Crops like maize, sorghum, and millet are good for summer.",en_XX,crop_recommendation
Which fertilizer is best for wheat?,Use nitrogen-rich fertilizers like Urea and DAP.,en_XX,fertilizer_advice
What crop is best for summer?,"Crops like maize, sorghum, and millet are good for summer.",en_XX,crop_recommendation
What crop is best for summer?,"Crops like maize, sorghum, and millet are good for summer.",en_XX,crop_recommendation
Which fertilizer is best for wheat?,Use nitrogen-rich fertilizers like Urea and DAP.,en_XX,fertilizer_advice
What crop is best for summer?,"Crops like maize, sorghum, and millet are good for summer.",en_XX,crop_recommendation
What crop is best for summer?,"Crops like maize, sorghum, and millet are good for summer.",en_XX,crop_recommendation
What crop is best for summer?,"Crops like maize, sorghum, and millet are good for summer.",en_XX,crop_recommendation
Which fertilizer is best for wheat?,Use nitrogen-rich fertilizers like Urea and DAP.,en_XX,fertilizer_advice
What crop is best for summer?,"Crops like maize, sorghum, and millet are good for summer.",en_XX,crop_recommendation
What crop is best for summer?,"Crops like maize, sorghum, and millet are good for summer.",en_XX,crop_recommendation
Which fertilizer is best for wheat?,Use nitrogen-rich fertilizers like Urea and DAP.,en_XX,fertilizer_advice
How much water does paddy need?,Paddy requires about 1200mm to 1500mm of water during the season.,en_XX,water_requirements
What crop is best for summer?,"Crops like maize, sorghum, and millet are good for summer.",en_XX,crop_recommendation
Which fertilizer is best for wheat?,Use nitrogen-rich fertilizers like Urea and DAP.,en_XX,fertilizer_advice
How much water does paddy need?,Paddy requires about 1200mm to 1500mm of water during the season.,en_XX,water_requirements
Which fertilizer is best for wheat?,Use nitrogen-rich fertilizers like Urea and DAP.,en_XX,fertilizer_advice
What is the ideal soil for sugarcane?,Loamy soil with good drainage is ideal for sugarcane.,en_XX,soil_information
What is the ideal soil for sugarcane?,Loamy soil with good drainage is ideal for sugarcane.,en_XX,soil_information
What crop is best for summer?,"Crops like maize, sorghum, and millet are good for summer.",en_XX,crop_recommendation
How to prevent pests in rice?,Use neem oil or pheromone traps to control pests.,en_XX,pest_control
What is the ideal soil for sugarcane?,Loamy soil with good drainage is ideal for sugarcane.,en_XX,soil_information
Which fertilizer is best for wheat?,Use nitrogen-rich fertilizers like Urea and DAP.,en_XX,fertilizer_advice
Which fertilizer is best for wheat?,Use nitrogen-rich fertilizers like Urea and DAP.,en_XX,fertilizer_advice
What is the ideal soil for sugarcane?,Loamy soil with good drainage is ideal for sugarcane.,en_XX,soil_information
Which fertilizer is best for wheat?,Use nitrogen-rich fertilizers like Urea and DAP.,en_XX,fertilizer_advice
Which fertilizer is best for wheat?,Use nitrogen-rich fertilizers like Urea and DAP.,en_XX,fertilizer_advice
Which fertilizer is best for wheat?,Use nitrogen-rich fertilizers like Urea and DAP.,en_XX,fertilizer_advice
What crop is best for summer?,"Crops like maize, sorghum, and millet are good for summer.",en_XX,crop_recommendation
What crop is best for summer?,"Crops like maize, sorghum, and millet are good for summer.",en_XX,crop_recommendation
What is the ideal soil for sugarcane?,Loamy soil with good drainage is ideal for sugarcane.,en_XX,soil_information
Which fertilizer is best for wheat?,Use nitrogen-rich fertilizers like Urea and DAP.,en_XX,fertilizer_advice
What crop is best for summer?,"Crops like maize, sorghum, and millet are good for summer.",en_XX,crop_recommendation
What crop is best for summer?,"Crops like maize, sorghum, and millet are good for summer.",en_XX,crop_recommendation
What is the ideal soil for sugarcane?,Loamy soil with good drainage is ideal for sugarcane.,en_XX,soil_information
Which fertilizer is best for wheat?,Use nitrogen-rich fertilizers like Urea and DAP.,en_XX,fertilizer_advice
What crop is best for summer?,"Crops like maize, sorghum, and millet are good for summer.",en_XX,crop_recommendation
Which fertilizer is best for wheat?,Use nitrogen-rich fertilizers like Urea and DAP.,en_XX,fertilizer_advice
What crop is best for summer?,"Crops like maize, sorghum, and millet are good for summer.",en_XX,crop_recommendation
What is the ideal soil for sugarcane?,Loamy soil with good drainage is ideal for sugarcane.,en_XX,soil_information
What is the ideal soil for sugarcane?,Loamy soil with good drainage is ideal for sugarcane.,en_XX,soil_information
What crop is best for summer?,"Crops like maize, sorghum, and millet are good for summer.",en_XX,crop_recommendation
How to prevent pests in rice?,Use neem oil or pheromone traps to control pests.,en_XX,pest_control
What is the ideal soil for sugarcane?,Loamy soil with good drainage is ideal for sugarcane.,en_XX,soil_information
What is the ideal soil for sugarcane?,Loamy soil with good drainage is ideal for sugarcane.,en_XX,soil_information
What crop is best for summer?,"Crops like maize, sorghum, and millet are good for summer.",en_XX,crop_recommendation
Which fertilizer is best for wheat?,Use nitrogen-rich fertilizers like Urea and DAP.,en_XX,fertilizer_advice
What crop is best for summer?,"Crops like maize, sorghum, and millet are good for summer.",en_XX,crop_recommendation
What is the ideal soil for sugarcane?,Loamy soil with good drainage is ideal for sugarcane.,en_XX,soil_information
What crop is best for summer?,"Crops like maize, sorghum, and millet are good for summer.",en_XX,crop_recommendation
Which fertilizer is best for wheat?,Use nitrogen-rich fertilizers like Urea and DAP.,en_XX,fertilizer_advice
What crop is best for summer?,"Crops like maize, sorghum, and millet are good for summer.",en_XX,crop_recommendation
What is the ideal soil for sugarcane?,Loamy soil with good drainage is ideal for sugarcane.,en_XX,soil_information
What crop is best for summer?,"Crops like maize, sorghum, and millet are good for summer.",en_XX,crop_recommendation
Which fertilizer is best for wheat?,Use nitrogen-rich fertilizers like Urea and DAP.,en_XX,fertilizer_advice
What crop is best for summer?,"Crops like maize, sorghum, and millet are good for summer.",en_XX,crop_recommendation
What crop is best for summer?,"Crops like maize, sorghum, and millet are good for summer.",en_XX,crop_recommendation
What crop is best for summer?,"Crops like maize, sorghum, and millet are good for summer.",en_XX,crop_recommendation
What crop is best for summer?,"Crops like maize, sorghum, and millet are good for summer.",en_XX,crop_recommendation
Which fertilizer is best for wheat?,Use nitrogen-rich fertilizers like Urea and DAP.,en_XX,fertilizer_advice
Which fertilizer is best for wheat?,Use nitrogen-rich fertilizers like Urea and DAP.,en_XX,fertilizer_advice
Which fertilizer is best for wheat?,Use nitrogen-rich fertilizers like Urea and DAP.,en_XX,fertilizer_advice
How much water does paddy need?,Paddy requires about 1200mm to 1500mm of water during the season.,en_XX,water_requirements
Which fertilizer is best for wheat?,Use nitrogen-rich fertilizers like Urea and DAP.,en_XX,fertilizer_advice
What crop is best for summer?,"Crops like maize, sorghum, and millet are good for summer.",en_XX,crop_recommendation
What is the ideal soil for sugarcane?,Loamy soil with good drainage is ideal for sugarcane.,en_XX,soil_information
Which fertilizer is best for wheat?,Use nitrogen-rich fertilizers like Urea and DAP.,en_XX,fertilizer_advice
Which fertilizer is best for wheat?,Use nitrogen-rich fertilizers like Urea and DAP.,en_XX,fertilizer_advice
Which fertilizer is best for wheat?,Use nitrogen-rich fertilizers like Urea and DAP.,en_XX,fertilizer_advice
What crop is best for summer?,"Crops like maize, sorghum, and millet are good for summer.",en_XX,crop_recommendation
Which fertilizer is best for wheat?,Use nitrogen-rich fertilizers like Urea and DAP.,en_XX,fertilizer_advice
What is the ideal soil for sugarcane?,Loamy soil with good drainage is ideal for sugarcane.,en_XX,soil_information
How to prevent pests in rice?,Use neem oil or pheromone traps to control pests.,en_XX,pest_control
Which fertilizer is best for wheat?,Use nitrogen-rich fertilizers like Urea and DAP.,en_XX,fertilizer_advice
What crop is best for summer?,"Crops like maize, sorghum, and millet are good for summer.",en_XX,crop_recommendation
What crop is best for summer?,"Crops like maize, sorghum, and millet are good for summer.",en_XX,crop_recommendation
Which fertilizer is best for wheat?,Use nitrogen-rich fertilizers like Urea and DAP.,en_XX,fertilizer_advice
What crop is best for summer?,"Crops like maize, sorghum, and millet are good for summer.",en_XX,crop_recommendation
What is the ideal soil for sugarcane?,Loamy soil with good drainage is ideal for sugarcane.,en_XX,soil_information
How much water does paddy need?,Paddy requires about 1200mm to 1500mm of water during the season.,en_XX,water_requirements
What crop is best for summer?,"Crops like maize, sorghum, and millet are good for summer.",en_XX,crop_recommendation
What is the ideal soil for sugarcane?,Loamy soil with good drainage is ideal for sugarcane.,en_XX,soil_information
How to prevent pests in rice?,Use neem oil or pheromone traps to control pests.,en_XX,pest_control
What crop is best for summer?,"Crops like maize, sorghum, and millet are good for summer.",en_XX,crop_recommendation
What crop is best for summer?,"Crops like maize, sorghum, and millet are good for summer.",en_XX,crop_recommendation
Which fertilizer is best for wheat?,Use nitrogen-rich fertilizers like Urea and DAP.,en_XX,fertilizer_advice
How to prevent pests in rice?,Use neem oil or pheromone traps to control pests.,en_XX,pest_control
What crop is best for summer?,"Crops like maize, sorghum, and millet are good for summer.",en_XX,crop_recommendation
Which fertilizer is best for wheat?,Use nitrogen-rich fertilizers like Urea and DAP.,en_XX,fertilizer_advice
What is the ideal soil for sugarcane?,Loamy soil with good drainage is ideal for sugarcane.,en_XX,soil_information
Which fertilizer is best for wheat?,Use nitrogen-rich fertilizers like Urea and DAP.,en_XX,fertilizer_advice
गर्मियों के लिए कौन सी फसल अच्छी है?,"गर्मियों में मक्का, ज्वार और बाजरा उगाना अच्छा होता है।",hi_IN,general_agriculture
गेहूं के लिए कौन सा उर्वरक अच्छा है?,नाइट्रोजन समृद्ध उर्वरक जैसे यूरिया और डीएपी का उपयोग करें।,hi_IN,general_agriculture
चावल में कीटों से कैसे बचें?,नीम तेल या फेरोमोन ट्रैप का उपयोग करें।,hi_IN,general_agriculture
गन्ने के लिए सबसे अच्छी मिट्टी कौन सी है?,गन्ने के लिए दोमट मिट्टी सबसे अच्छी होती है।,hi_IN,general_agriculture
धान के लिए कितनी पानी की आवश्यकता होती है?,धान के लिए 1200mm से 1500mm पानी की आवश्यकता होती है।,hi_IN,general_agriculture
गर्मियों के लिए कौन सी फसल अच्छी है?,"गर्मियों में मक्का, ज्वार और बाजरा उगाना अच्छा होता है।",hi_IN,general_agriculture
गर्मियों के लिए कौन सी फसल अच्छी है?,"गर्मियों में मक्का, ज्वार और बाजरा उगाना अच्छा होता है।",hi_IN,general_agriculture
गेहूं के लिए कौन सा उर्वरक अच्छा है?,नाइट्रोजन समृद्ध उर्वरक जैसे यूरिया और डीएपी का उपयोग करें।,hi_IN,general_agriculture
गर्मियों के लिए कौन सी फसल अच्छी है?,"गर्मियों में मक्का, ज्वार और बाजरा उगाना अच्छा होता है।",hi_IN,general_agriculture
चावल में कीटों से कैसे बचें?,नीम तेल या फेरोमोन ट्रैप का उपयोग करें।,hi_IN,general_agriculture
गन्ने के लिए सबसे अच्छी मिट्टी कौन सी है?,गन्ने के लिए दोमट मिट्टी सबसे अच्छी होती है।,hi_IN,general_agriculture
गर्मियों के लिए कौन सी फसल अच्छी है?,"गर्मियों में मक्का, ज्वार और बाजरा उगाना अच्छा होता है।",hi_IN,general_agriculture
चावल में कीटों से कैसे बचें?,नीम तेल या फेरोमोन ट्रैप का उपयोग करें।,hi_IN,general_agriculture
गन्ने के लिए सबसे अच्छी मिट्टी कौन सी है?,गन्ने के लिए दोमट मिट्टी सबसे अच्छी होती है।,hi_IN,general_agriculture
गर्मियों के लिए कौन सी फसल अच्छी है?,"गर्मियों में मक्का, ज्वार और बाजरा उगाना अच्छा होता है।",hi_IN,general_agriculture
चावल में कीटों से कैसे बचें?,नीम तेल या फेरोमोन ट्रैप का उपयोग करें।,hi_IN,general_agriculture
चावल में कीटों से कैसे बचें?,नीम तेल या फेरोमोन ट्रैप का उपयोग करें।,hi_IN,general_agriculture
चावल में कीटों से कैसे बचें?,नीम तेल या फेरोमोन ट्रैप का उपयोग करें।,hi_IN,general_agriculture
गर्मियों के लिए कौन सी फसल अच्छी है?,"गर्मियों में मक्का, ज्वार और बाजरा उगाना अच्छा होता है।",hi_IN,general_agriculture
गर्मियों के लिए कौन सी फसल अच्छी है?,"गर्मियों में मक्का, ज्वार और बाजरा उगाना अच्छा होता है।",hi_IN,general_agriculture
गर्मियों के लिए कौन सी फसल अच्छी है?,"गर्मियों में मक्का, ज्वार और बाजरा उगाना अच्छा होता है।",hi_IN,general_agriculture
चावल में कीटों से कैसे बचें?,नीम तेल या फेरोमोन ट्रैप का उपयोग करें।,hi_IN,general_agriculture
गेहूं के लिए कौन सा उर्वरक अच्छा है?,नाइट्रोजन समृद्ध उर्वरक जैसे यूरिया और डीएपी का उपयोग करें।,hi_IN,general_agriculture
गर्मियों के लिए कौन सी फसल अच्छी है?,"गर्मियों में मक्का, ज्वार और बाजरा उगाना अच्छा होता है।",hi_IN,general_agriculture
गन्ने के लिए सबसे अच्छी मिट्टी कौन सी है?,गन्ने के लिए दोमट मिट्टी सबसे अच्छी होती है।,hi_IN,general_agriculture
गर्मियों के लिए कौन सी फसल अच्छी है?,"गर्मियों में मक्का, ज्वार और बाजरा उगाना अच्छा होता है।",hi_IN,general_agriculture
गर्मियों के लिए कौन सी फसल अच्छी है?,"गर्मियों में मक्का, ज्वार और बाजरा उगाना अच्छा होता है।",hi_IN,general_agriculture
गन्ने के लिए सबसे अच्छी मिट्टी कौन सी है?,गन्ने के लिए दोमट मिट्टी सबसे अच्छी होती है।,hi_IN,general_agriculture
चावल में कीटों से कैसे बचें?,नीम तेल या फेरोमोन ट्रैप का उपयोग करें।,hi_IN,general_agriculture
चावल में कीटों से कैसे बचें?,नीम तेल या फेरोमोन ट्रैप का उपयोग करें।,hi_IN,general_agriculture
चावल में कीटों से कैसे बचें?,नीम तेल या फेरोमोन ट्रैप का उपयोग करें।,hi_IN,general_agriculture
गर्मियों के लिए कौन सी फसल अच्छी है?,"गर्मियों में मक्का, ज्वार और बाजरा उगाना अच्छा होता है।",hi_IN,general_agriculture
गन्ने के लिए सबसे अच्छी मिट्टी कौन सी है?,गन्ने के लिए दोमट मिट्टी सबसे अच्छी होती है।,hi_IN,general_agriculture
चावल में कीटों से कैसे बचें?,नीम तेल या फेरोमोन ट्रैप का उपयोग करें।,hi_IN,general_agriculture
धान के लिए कितनी पानी की आवश्यकता होती है?,धान के लिए 1200mm से 1500mm पानी की आवश्यकता होती है।,hi_IN,general_agriculture
गर्मियों के लिए कौन सी फसल अच्छी है?,"गर्मियों में मक्का, ज्वार और बाजरा उगाना अच्छा होता है।",hi_IN,general_agriculture
गन्ने के लिए सबसे अच्छी मिट्टी कौन सी है?,गन्ने के लिए दोमट मिट्टी सबसे अच्छी होती है।,hi_IN,general_agriculture
चावल में कीटों से कैसे बचें?,नीम तेल या फेरोमोन ट्रैप का उपयोग करें।,hi_IN,general_agriculture
चावल में कीटों से कैसे बचें?,नीम तेल या फेरोमोन ट्रैप का उपयोग करें।,hi_IN,general_agriculture
गेहूं के लिए कौन सा उर्वरक अच्छा है?,नाइट्रोजन समृद्ध उर्वरक जैसे यूरिया और डीएपी का उपयोग करें।,hi_IN,general_agriculture
धान के लिए कितनी पानी की आवश्यकता होती है?,धान के लिए 1200mm से 1500mm पानी की आवश्यकता होती है।,hi_IN,general_agriculture
चावल में कीटों से कैसे बचें?,नीम तेल या फेरोमोन ट्रैप का उपयोग करें।,hi_IN,general_agriculture
गन्ने के लिए सबसे अच्छी मिट्टी कौन सी है?,गन्ने के लिए दोमट मिट्टी सबसे अच्छी होती है।,hi_IN,general_agriculture
चावल में कीटों से कैसे बचें?,नीम तेल या फेरोमोन ट्रैप का उपयोग करें।,hi_IN,general_agriculture
गर्मियों के लिए कौन सी फसल अच्छी है?,"गर्मियों में मक्का, ज्वार और बाजरा उगाना अच्छा होता है।",hi_IN,general_agriculture
गेहूं के लिए कौन सा उर्वरक अच्छा है?,नाइट्रोजन समृद्ध उर्वरक जैसे यूरिया और डीएपी का उपयोग करें।,hi_IN,general_agriculture
गर्मियों के लिए कौन सी फसल अच्छी है?,"गर्मियों में मक्का, ज्वार और बाजरा उगाना अच्छा होता है।",hi_IN,general_agriculture
चावल में कीटों से कैसे बचें?,नीम तेल या फेरोमोन ट्रैप का उपयोग करें।,hi_IN,general_agriculture
गर्मियों के लिए कौन सी फसल अच्छी है?,"गर्मियों में मक्का, ज्वार और बाजरा उगाना अच्छा होता है।",hi_IN,general_agriculture
गन्ने के लिए सबसे अच्छी मिट्टी कौन सी है?,गन्ने के लिए दोमट मिट्टी सबसे अच्छी होती है।,hi_IN,general_agriculture
गर्मियों के लिए कौन सी फसल अच्छी है?,"गर्मियों में मक्का, ज्वार और बाजरा उगाना अच्छा होता है।",hi_IN,general_agriculture
चावल में कीटों से कैसे बचें?,नीम तेल या फेरोमोन ट्रैप का उपयोग करें।,hi_IN,general_agriculture
चावल में कीटों से कैसे बचें?,नीम तेल या फेरोमोन ट्रैप का उपयोग करें।,hi_IN,general_agriculture
गन्ने के लिए सबसे अच्छी मिट्टी कौन सी है?,गन्ने के लिए दोमट मिट्टी सबसे अच्छी होती है।,hi_IN,general_agriculture
गर्मियों के लिए कौन सी फसल अच्छी है?,"गर्मियों में मक्का, ज्वार और बाजरा उगाना अच्छा होता है।",hi_IN,general_agriculture
गर्मियों के लिए कौन सी फसल अच्छी है?,"गर्मियों में मक्का, ज्वार और बाजरा उगाना अच्छा होता है।",hi_IN,general_agriculture
गन्ने के लिए सबसे अच्छी मिट्टी कौन सी है?,गन्ने के लिए दोमट मिट्टी सबसे अच्छी होती है।,hi_IN,general_agriculture
चावल में कीटों से कैसे बचें?,नीम तेल या फेरोमोन ट्रैप का उपयोग करें।,hi_IN,general_agriculture
गर्मियों के लिए कौन सी फसल अच्छी है?,"गर्मियों में मक्का, ज्वार और बाजरा उगाना अच्छा होता है।",hi_IN,general_agriculture
चावल में कीटों से कैसे बचें?,नीम तेल या फेरोमोन ट्रैप का उपयोग करें।,hi_IN,general_agriculture
गर्मियों के लिए कौन सी फसल अच्छी है?,"गर्मियों में मक्का, ज्वार और बाजरा उगाना अच्छा होता है।",hi_IN,general_agriculture
गर्मियों के लिए कौन सी फसल अच्छी है?,"गर्मियों में मक्का, ज्वार और बाजरा उगाना अच्छा होता है।",hi_IN,general_agriculture
गर्मियों के लिए कौन सी फसल अच्छी है?,"गर्मियों में मक्का, ज्वार और बाजरा उगाना अच्छा होता है।",hi_IN,general_agriculture
चावल में कीटों से कैसे बचें?,नीम तेल या फेरोमोन ट्रैप का उपयोग करें।,hi_IN,general_agriculture
गर्मियों के लिए कौन सी फसल अच्छी है?,"गर्मियों में मक्का, ज्वार और बाजरा उगाना अच्छा होता है।",hi_IN,general_agriculture
गर्मियों के लिए कौन सी फसल अच्छी है?,"गर्मियों में मक्का, ज्वार और बाजरा उगाना अच्छा होता है।",hi_IN,general_agriculture
गर्मियों के लिए कौन सी फसल अच्छी है?,"गर्मियों में मक्का, ज्वार और बाजरा उगाना अच्छा होता है।",hi_IN,general_agriculture
चावल में कीटों से कैसे बचें?,नीम तेल या फेरोमोन ट्रैप का उपयोग करें।,hi_IN,general_agriculture
चावल में कीटों से कैसे बचें?,नीम तेल या फेरोमोन ट्रैप का उपयोग करें।,hi_IN,general_agriculture
गन्ने के लिए सबसे अच्छी मिट्टी कौन सी है?,गन्ने के लिए दोमट मिट्टी सबसे अच्छी होती है।,hi_IN,general_agriculture
चावल में कीटों से कैसे बचें?,नीम तेल या फेरोमोन ट्रैप का उपयोग करें।,hi_IN,general_agriculture
चावल में कीटों से कैसे बचें?,नीम तेल या फेरोमोन ट्रैप का उपयोग करें।,hi_IN,general_agriculture
गर्मियों के लिए कौन सी फसल अच्छी है?,"गर्मियों में मक्का, ज्वार और बाजरा उगाना अच्छा होता है।",hi_IN,general_agriculture
चावल में कीटों से कैसे बचें?,नीम तेल या फेरोमोन ट्रैप का उपयोग करें।,hi_IN,general_agriculture
चावल में कीटों से कैसे बचें?,नीम तेल या फेरोमोन ट्रैप का उपयोग करें।,hi_IN,general_agriculture
गर्मियों के लिए कौन सी फसल अच्छी है?,"गर्मियों में मक्का, ज्वार और बाजरा उगाना अच्छा होता है।",hi_IN,general_agriculture
गर्मियों के लिए कौन सी फसल अच्छी है?,"गर्मियों में मक्का, ज्वार और बाजरा उगाना अच्छा होता है।",hi_IN,general_agriculture
गर्मियों के लिए कौन सी फसल अच्छी है?,"गर्मियों में मक्का, ज्वार और बाजरा उगाना अच्छा होता है।",hi_IN,general_agriculture
गेहूं के लिए कौन सा उर्वरक अच्छा है?,नाइट्रोजन समृद्ध उर्वरक जैसे यूरिया और डीएपी का उपयोग करें।,hi_IN,general_agriculture
गन्ने के लिए सबसे अच्छी मिट्टी कौन सी है?,गन्ने के लिए दोमट मिट्टी सबसे अच्छी होती है।,hi_IN,general_agriculture
गर्मियों के लिए कौन सी फसल अच्छी है?,"गर्मियों में मक्का, ज्वार और बाजरा उगाना अच्छा होता है।",hi_IN,general_agriculture
चावल में कीटों से कैसे बचें?,नीम तेल या फेरोमोन ट्रैप का उपयोग करें।,hi_IN,general_agriculture
गेहूं के लिए कौन सा उर्वरक अच्छा है?,नाइट्रोजन समृद्ध उर्वरक जैसे यूरिया और डीएपी का उपयोग करें।,hi_IN,general_agriculture
गर्मियों के लिए कौन सी फसल अच्छी है?,"गर्मियों में मक्का, ज्वार और बाजरा उगाना अच्छा होता है।",hi_IN,general_agriculture
चावल में कीटों से कैसे बचें?,नीम तेल या फेरोमोन ट्रैप का उपयोग करें।,hi_IN,general_agriculture
चावल में कीटों से कैसे बचें?,नीम तेल या फेरोमोन ट्रैप का उपयोग करें।,hi_IN,general_agriculture
चावल में कीटों से कैसे बचें?,नीम तेल या फेरोमोन ट्रैप का उपयोग करें।,hi_IN,general_agriculture
चावल में कीटों से कैसे बचें?,नीम तेल या फेरोमोन ट्रैप का उपयोग करें।,hi_IN,general_agriculture
गर्मियों के लिए कौन सी फसल अच्छी है?,"गर्मियों में मक्का, ज्वार और बाजरा उगाना अच्छा होता है।",hi_IN,general_agriculture
गन्ने के लिए सबसे अच्छी मिट्टी कौन सी है?,गन्ने के लिए दोमट मिट्टी सबसे अच्छी होती है।,hi_IN,general_agriculture
गर्मियों के लिए कौन सी फसल अच्छी है?,"गर्मियों में मक्का, ज्वार और बाजरा उगाना अच्छा होता है।",hi_IN,general_agriculture
चावल में कीटों से कैसे बचें?,नीम तेल या फेरोमोन ट्रैप का उपयोग करें।,hi_IN,general_agriculture
गर्मियों के लिए कौन सी फसल अच्छी है?,"गर्मियों में मक्का, ज्वार और बाजरा उगाना अच्छा होता है।",hi_IN,general_agriculture
गन्ने के लिए सबसे अच्छी मिट्टी कौन सी है?,गन्ने के लिए दोमट मिट्टी सबसे अच्छी होती है।,hi_IN,general_agriculture
चावल में कीटों से कैसे बचें?,नीम तेल या फेरोमोन ट्रैप का उपयोग करें।,hi_IN,general_agriculture
गर्मियों के लिए कौन सी फसल अच्छी है?,"गर्मियों में मक्का, ज्वार और बाजरा उगाना अच्छा होता है।",hi_IN,general_agriculture
गर्मियों के लिए कौन सी फसल अच्छी है?,"गर्मियों में मक्का, ज्वार और बाजरा उगाना अच्छा होता है।",hi_IN,general_agriculture
गेहूं के लिए कौन सा उर्वरक अच्छा है?,नाइट्रोजन समृद्ध उर्वरक जैसे यूरिया और डीएपी का उपयोग करें।,hi_IN,general_agriculture
गन्ने के लिए सबसे अच्छी मिट्टी कौन सी है?,गन्ने के लिए दोमट मिट्टी सबसे अच्छी होती है।,hi_IN,general_agriculture
चावल में कीटों से कैसे बचें?,नीम तेल या फेरोमोन ट्रैप का उपयोग करें।,hi_IN,general_agriculture
उन्हाळ्यात कोणती पिके चांगली आहेत?,"मका, ज्वारी आणि बाजरी उन्हाळ्यात चांगली उगवतात.",mr_IN,general_agriculture
गहू साठी कोणते खत चांगले आहे?,युरिया आणि डीएपीसारखी नायट्रोजनयुक्त खते वापरा.,mr_IN,general_agriculture
तांदळातील किडी कशा रोखायच्या?,नीम तेल किंवा फेरोमोन ट्रॅप वापरा.,mr_IN,general_agriculture
साखरेसाठी कोणती माती सर्वोत्तम आहे?,साखरेसाठी उत्तम निचरा असलेली चिकणमाती सर्वोत्तम आहे.,mr_IN,general_agriculture
तांदळाला किती पाणी लागते?,तांदळाला सुमारे 1200mm ते 1500mm पाणी आवश्यक असते.,mr_IN,general_agriculture
गहू साठी कोणते खत चांगले आहे?,युरिया आणि डीएपीसारखी नायट्रोजनयुक्त खते वापरा.,mr_IN,general_agriculture
साखरेसाठी कोणती माती सर्वोत्तम आहे?,साखरेसाठी उत्तम निचरा असलेली चिकणमाती सर्वोत्तम आहे.,mr_IN,general_agriculture
गहू साठी कोणते खत चांगले आहे?,युरिया आणि डीएपीसारखी नायट्रोजनयुक्त खते वापरा.,mr_IN,general_agriculture
गहू साठी कोणते खत चांगले आहे?,युरिया आणि डीएपीसारखी नायट्रोजनयुक्त खते वापरा.,mr_IN,general_agriculture
गहू साठी कोणते खत चांगले आहे?,युरिया आणि डीएपीसारखी नायट्रोजनयुक्त खते वापरा.,mr_IN,general_agriculture
गहू साठी कोणते खत चांगले आहे?,युरिया आणि डीएपीसारखी नायट्रोजनयुक्त खते वापरा.,mr_IN,general_agriculture
गहू साठी कोणते खत चांगले आहे?,युरिया आणि डीएपीसारखी नायट्रोजनयुक्त खते वापरा.,mr_IN,general_agriculture
साखरेसाठी कोणती माती सर्वोत्तम आहे?,साखरेसाठी उत्तम निचरा असलेली चिकणमाती सर्वोत्तम आहे.,mr_IN,general_agriculture
साखरेसाठी कोणती माती सर्वोत्तम आहे?,साखरेसाठी उत्तम निचरा असलेली चिकणमाती सर्वोत्तम आहे.,mr_IN,general_agriculture
साखरेसाठी कोणती माती सर्वोत्तम आहे?,साखरेसाठी उत्तम निचरा असलेली चिकणमाती सर्वोत्तम आहे.,mr_IN,general_agriculture
तांदळातील किडी कशा रोखायच्या?,नीम तेल किंवा फेरोमोन ट्रॅप वापरा.,mr_IN,general_agriculture
उन्हाळ्यात कोणती पिके चांगली आहेत?,"मका, ज्वारी आणि बाजरी उन्हाळ्यात चांगली उगवतात.",mr_IN,general_agriculture
उन्हाळ्यात कोणती पिके चांगली आहेत?,"मका, ज्वारी आणि बाजरी उन्हाळ्यात चांगली उगवतात.",mr_IN,general_agriculture
साखरेसाठी कोणती माती सर्वोत्तम आहे?,साखरेसाठी उत्तम निचरा असलेली चिकणमाती सर्वोत्तम आहे.,mr_IN,general_agriculture
उन्हाळ्यात कोणती पिके चांगली आहेत?,"मका, ज्वारी आणि बाजरी उन्हाळ्यात चांगली उगवतात.",mr_IN,general_agriculture
तांदळातील किडी कशा रोखायच्या?,नीम तेल किंवा फेरोमोन ट्रॅप वापरा.,mr_IN,general_agriculture
गहू साठी कोणते खत चांगले आहे?,युरिया आणि डीएपीसारखी नायट्रोजनयुक्त खते वापरा.,mr_IN,general_agriculture
गहू साठी कोणते खत चांगले आहे?,युरिया आणि डीएपीसारखी नायट्रोजनयुक्त खते वापरा.,mr_IN,general_agriculture
तांदळातील किडी कशा रोखायच्या?,नीम तेल किंवा फेरोमोन ट्रॅप वापरा.,mr_IN,general_agriculture
तांदळाला किती पाणी लागते?,तांदळाला सुमारे 1200mm ते 1500mm पाणी आवश्यक असते.,mr_IN,general_agriculture
उन्हाळ्यात कोणती पिके चांगली आहेत?,"मका, ज्वारी आणि बाजरी उन्हाळ्यात चांगली उगवतात.",mr_IN,general_agriculture
तांदळातील किडी कशा रोखायच्या?,नीम तेल किंवा फेरोमोन ट्रॅप वापरा.,mr_IN,general_agriculture
गहू साठी कोणते खत चांगले आहे?,युरिया आणि डीएपीसारखी नायट्रोजनयुक्त खते वापरा.,mr_IN,general_agriculture
गहू साठी कोणते खत चांगले आहे?,युरिया आणि डीएपीसारखी नायट्रोजनयुक्त खते वापरा.,mr_IN,general_agriculture
तांदळातील किडी कशा रोखायच्या?,नीम तेल किंवा फेरोमोन ट्रॅप वापरा.,mr_IN,general_agriculture
गहू साठी कोणते खत चांगले आहे?,युरिया आणि डीएपीसारखी नायट्रोजनयुक्त खते वापरा.,mr_IN,general_agriculture
गहू साठी कोणते खत चांगले आहे?,युरिया आणि डीएपीसारखी नायट्रोजनयुक्त खते वापरा.,mr_IN,general_agriculture
गहू साठी कोणते खत चांगले आहे?,युरिया आणि डीएपीसारखी नायट्रोजनयुक्त खते वापरा.,mr_IN,general_agriculture
साखरेसाठी कोणती माती सर्वोत्तम आहे?,साखरेसाठी उत्तम निचरा असलेली चिकणमाती सर्वोत्तम आहे.,mr_IN,general_agriculture
तांदळातील किडी कशा रोखायच्या?,नीम तेल किंवा फेरोमोन ट्रॅप वापरा.,mr_IN,general_agriculture
गहू साठी कोणते खत चांगले आहे?,युरिया आणि डीएपीसारखी नायट्रोजनयुक्त खते वापरा.,mr_IN,general_agriculture
तांदळातील किडी कशा रोखायच्या?,नीम तेल किंवा फेरोमोन ट्रॅप वापरा.,mr_IN,general_agriculture
तांदळातील किडी कशा रोखायच्या?,नीम तेल किंवा फेरोमोन ट्रॅप वापरा.,mr_IN,general_agriculture
साखरेसाठी कोणती माती सर्वोत्तम आहे?,साखरेसाठी उत्तम निचरा असलेली चिकणमाती सर्वोत्तम आहे.,mr_IN,general_agriculture
तांदळातील किडी कशा रोखायच्या?,नीम तेल किंवा फेरोमोन ट्रॅप वापरा.,mr_IN,general_agriculture
तांदळातील किडी कशा रोखायच्या?,नीम तेल किंवा फेरोमोन ट्रॅप वापरा.,mr_IN,general_agriculture
गहू साठी कोणते खत चांगले आहे?,युरिया आणि डीएपीसारखी नायट्रोजनयुक्त खते वापरा.,mr_IN,general_agriculture
गहू साठी कोणते खत चांगले आहे?,युरिया आणि डीएपीसारखी नायट्रोजनयुक्त खते वापरा.,mr_IN,general_agriculture
साखरेसाठी कोणती माती सर्वोत्तम आहे?,साखरेसाठी उत्तम निचरा असलेली चिकणमाती सर्वोत्तम आहे.,mr_IN,general_agriculture
तांदळातील किडी कशा रोखायच्या?,नीम तेल किंवा फेरोमोन ट्रॅप वापरा.,mr_IN,general_agriculture
तांदळातील किडी कशा रोखायच्या?,नीम तेल किंवा फेरोमोन ट्रॅप वापरा.,mr_IN,general_agriculture
साखरेसाठी कोणती माती सर्वोत्तम आहे?,साखरेसाठी उत्तम निचरा असलेली चिकणमाती सर्वोत्तम आहे.,mr_IN,general_agriculture
तांदळातील किडी कशा रोखायच्या?,नीम तेल किंवा फेरोमोन ट्रॅप वापरा.,mr_IN,general_agriculture
तांदळातील किडी कशा रोखायच्या?,नीम तेल किंवा फेरोमोन ट्रॅप वापरा.,mr_IN,general_agriculture
साखरेसाठी कोणती माती सर्वोत्तम आहे?,साखरेसाठी उत्तम निचरा असलेली चिकणमाती सर्वोत्तम आहे.,mr_IN,general_agriculture
गहू साठी कोणते खत चांगले आहे?,युरिया आणि डीएपीसारखी नायट्रोजनयुक्त खते वापरा.,mr_IN,general_agriculture
उन्हाळ्यात कोणती पिके चांगली आहेत?,"मका, ज्वारी आणि बाजरी उन्हाळ्यात चांगली उगवतात.",mr_IN,general_agriculture
गहू साठी कोणते खत चांगले आहे?,युरिया आणि डीएपीसारखी नायट्रोजनयुक्त खते वापरा.,mr_IN,general_agriculture
साखरेसाठी कोणती माती सर्वोत्तम आहे?,साखरेसाठी उत्तम निचरा असलेली चिकणमाती सर्वोत्तम आहे.,mr_IN,general_agriculture
तांदळातील किडी कशा रोखायच्या?,नीम तेल किंवा फेरोमोन ट्रॅप वापरा.,mr_IN,general_agriculture
उन्हाळ्यात कोणती पिके चांगली आहेत?,"मका, ज्वारी आणि बाजरी उन्हाळ्यात चांगली उगवतात.",mr_IN,general_agriculture
गहू साठी कोणते खत चांगले आहे?,युरिया आणि डीएपीसारखी नायट्रोजनयुक्त खते वापरा.,mr_IN,general_agriculture
गहू साठी कोणते खत चांगले आहे?,युरिया आणि डीएपीसारखी नायट्रोजनयुक्त खते वापरा.,mr_IN,general_agriculture
तांदळातील किडी कशा रोखायच्या?,नीम तेल किंवा फेरोमोन ट्रॅप वापरा.,mr_IN,general_agriculture
तांदळातील किडी कशा रोखायच्या?,नीम तेल किंवा फेरोमोन ट्रॅप वापरा.,mr_IN,general_agriculture
गहू साठी कोणते खत चांगले आहे?,युरिया आणि डीएपीसारखी नायट्रोजनयुक्त खते वापरा.,mr_IN,general_agriculture
तांदळातील किडी कशा रोखायच्या?,नीम तेल किंवा फेरोमोन ट्रॅप वापरा.,mr_IN,general_agriculture
तांदळातील किडी कशा रोखायच्या?,नीम तेल किंवा फेरोमोन ट्रॅप वापरा.,mr_IN,general_agriculture
तांदळातील किडी कशा रोखायच्या?,नीम तेल किंवा फेरोमोन ट्रॅप वापरा.,mr_IN,general_agriculture
गहू साठी कोणते खत चांगले आहे?,युरिया आणि डीएपीसारखी नायट्रोजनयुक्त खते वापरा.,mr_IN,general_agriculture
गहू साठी कोणते खत चांगले आहे?,युरिया आणि डीएपीसारखी नायट्रोजनयुक्त खते वापरा.,mr_IN,general_agriculture
उन्हाळ्यात कोणती पिके चांगली आहेत?,"मका, ज्वारी आणि बाजरी उन्हाळ्यात चांगली उगवतात.",mr_IN,general_agriculture
उन्हाळ्यात कोणती पिके चांगली आहेत?,"मका, ज्वारी आणि बाजरी उन्हाळ्यात चांगली उगवतात.",mr_IN,general_agriculture
तांदळातील किडी कशा रोखायच्या?,नीम तेल किंवा फेरोमोन ट्रॅप वापरा.,mr_IN,general_agriculture
तांदळातील किडी कशा रोखायच्या?,नीम तेल किंवा फेरोमोन ट्रॅप वापरा.,mr_IN,general_agriculture
तांदळातील किडी कशा रोखायच्या?,नीम तेल किंवा फेरोमोन ट्रॅप वापरा.,mr_IN,general_agriculture
गहू साठी कोणते खत चांगले आहे?,युरिया आणि डीएपीसारखी नायट्रोजनयुक्त खते वापरा.,mr_IN,general_agriculture
साखरेसाठी कोणती माती सर्वोत्तम आहे?,साखरेसाठी उत्तम निचरा असलेली चिकणमाती सर्वोत्तम आहे.,mr_IN,general_agriculture
उन्हाळ्यात कोणती पिके चांगली आहेत?,"मका, ज्वारी आणि बाजरी उन्हाळ्यात चांगली उगवतात.",mr_IN,general_agriculture
साखरेसाठी कोणती माती सर्वोत्तम आहे?,साखरेसाठी उत्तम निचरा असलेली चिकणमाती सर्वोत्तम आहे.,mr_IN,general_agriculture
तांदळातील किडी कशा रोखायच्या?,नीम तेल किंवा फेरोमोन ट्रॅप वापरा.,mr_IN,general_agriculture
गहू साठी कोणते खत चांगले आहे?,युरिया आणि डीएपीसारखी नायट्रोजनयुक्त खते वापरा.,mr_IN,general_agriculture
गहू साठी कोणते खत चांगले आहे?,युरिया आणि डीएपीसारखी नायट्रोजनयुक्त खते वापरा.,mr_IN,general_agriculture
साखरेसाठी कोणती माती सर्वोत्तम आहे?,साखरेसाठी उत्तम निचरा असलेली चिकणमाती सर्वोत्तम आहे.,mr_IN,general_agriculture
साखरेसाठी कोणती माती सर्वोत्तम आहे?,साखरेसाठी उत्तम निचरा असलेली चिकणमाती सर्वोत्तम आहे.,mr_IN,general_agriculture
तांदळातील किडी कशा रोखायच्या?,नीम तेल किंवा फेरोमोन ट्रॅप वापरा.,mr_IN,general_agriculture
उन्हाळ्यात कोणती पिके चांगली आहेत?,"मका, ज्वारी आणि बाजरी उन्हाळ्यात चांगली उगवतात.",mr_IN,general_agriculture
उन्हाळ्यात कोणती पिके चांगली आहेत?,"मका, ज्वारी आणि बाजरी उन्हाळ्यात चांगली उगवतात.",mr_IN,general_agriculture
साखरेसाठी कोणती माती सर्वोत्तम आहे?,साखरेसाठी उत्तम निचरा असलेली चिकणमाती सर्वोत्तम आहे.,mr_IN,general_agriculture
उन्हाळ्यात कोणती पिके चांगली आहेत?,"मका, ज्वारी आणि बाजरी उन्हाळ्यात चांगली उगवतात.",mr_IN,general_agriculture
साखरेसाठी कोणती माती सर्वोत्तम आहे?,साखरेसाठी उत्तम निचरा असलेली चिकणमाती सर्वोत्तम आहे.,mr_IN,general_agriculture
गहू साठी कोणते खत चांगले आहे?,युरिया आणि डीएपीसारखी नायट्रोजनयुक्त खते वापरा.,mr_IN,general_agriculture
उन्हाळ्यात कोणती पिके चांगली आहेत?,"मका, ज्वारी आणि बाजरी उन्हाळ्यात चांगली उगवतात.",mr_IN,general_agriculture
गहू साठी कोणते खत चांगले आहे?,युरिया आणि डीएपीसारखी नायट्रोजनयुक्त खते वापरा.,mr_IN,general_agriculture
तांदळातील किडी कशा रोखायच्या?,नीम तेल किंवा फेरोमोन ट्रॅप वापरा.,mr_IN,general_agriculture
गहू साठी कोणते खत चांगले आहे?,युरिया आणि डीएपीसारखी नायट्रोजनयुक्त खते वापरा.,mr_IN,general_agriculture
तांदळातील किडी कशा रोखायच्या?,नीम तेल किंवा फेरोमोन ट्रॅप वापरा.,mr_IN,general_agriculture
तांदळातील किडी कशा रोखायच्या?,नीम तेल किंवा फेरोमोन ट्रॅप वापरा.,mr_IN,general_agriculture
तांदळातील किडी कशा रोखायच्या?,नीम तेल किंवा फेरोमोन ट्रॅप वापरा.,mr_IN,general_agriculture
गहू साठी कोणते खत चांगले आहे?,युरिया आणि डीएपीसारखी नायट्रोजनयुक्त खते वापरा.,mr_IN,general_agriculture
उन्हाळ्यात कोणती पिके चांगली आहेत?,"मका, ज्वारी आणि बाजरी उन्हाळ्यात चांगली उगवतात.",mr_IN,general_agriculture
साखरेसाठी कोणती माती सर्वोत्तम आहे?,साखरेसाठी उत्तम निचरा असलेली चिकणमाती सर्वोत्तम आहे.,mr_IN,general_agriculture
गहू साठी कोणते खत चांगले आहे?,युरिया आणि डीएपीसारखी नायट्रोजनयुक्त खते वापरा.,mr_IN,general_agriculture
साखरेसाठी कोणती माती सर्वोत्तम आहे?,साखरेसाठी उत्तम निचरा असलेली चिकणमाती सर्वोत्तम आहे.,mr_IN,general_agriculture
गहू साठी कोणते खत चांगले आहे?,युरिया आणि डीएपीसारखी नायट्रोजनयुक्त खते वापरा.,mr_IN,general_agriculture
গ্রীষ্মকালে কোন ফসল ভালো হয়?,"ভুট্টা, জোয়ার, ও বাজরা গ্রীষ্মের জন্য ভালো।",bn_IN,general_agriculture
গমের জন্য সেরা সার কোনটি?,ইউরিয়া ও ডিএপি গমের জন্য ভালো।,bn_IN,general_agriculture
ধানের কীট প্রতিরোধের উপায় কী?,নিম তেল বা ফেরোমোন ফাঁদ ব্যবহার করুন।,bn_IN,general_agriculture
আখের জন্য কোন মাটি ভালো?,আখ চাষের জন্য দোআঁশ মাটি উপযুক্ত।,bn_IN,general_agriculture
ধানের জন্য কতটা পানি দরকার?,ধান চাষে 1200mm থেকে 1500mm জল প্রয়োজন।,bn_IN,general_agriculture
গমের জন্য সেরা সার কোনটি?,ইউরিয়া ও ডিএপি গমের জন্য ভালো।,bn_IN,general_agriculture
ধানের কীট প্রতিরোধের উপায় কী?,নিম তেল বা ফেরোমোন ফাঁদ ব্যবহার করুন।,bn_IN,general_agriculture
ধানের কীট প্রতিরোধের উপায় কী?,নিম তেল বা ফেরোমোন ফাঁদ ব্যবহার করুন।,bn_IN,general_agriculture
গ্রীষ্মকালে কোন ফসল ভালো হয়?,"ভুট্টা, জোয়ার, ও বাজরা গ্রীষ্মের জন্য ভালো।",bn_IN,general_agriculture
গমের জন্য সেরা সার কোনটি?,ইউরিয়া ও ডিএপি গমের জন্য ভালো।,bn_IN,general_agriculture
ধানের কীট প্রতিরোধের উপায় কী?,নিম তেল বা ফেরোমোন ফাঁদ ব্যবহার করুন।,bn_IN,general_agriculture
গমের জন্য সেরা সার কোনটি?,ইউরিয়া ও ডিএপি গমের জন্য ভালো।,bn_IN,general_agriculture
গ্রীষ্মকালে কোন ফসল ভালো হয়?,"ভুট্টা, জোয়ার, ও বাজরা গ্রীষ্মের জন্য ভালো।",bn_IN,general_agriculture
গমের জন্য সেরা সার কোনটি?,ইউরিয়া ও ডিএপি গমের জন্য ভালো।,bn_IN,general_agriculture
আখের জন্য কোন মাটি ভালো?,আখ চাষের জন্য দোআঁশ মাটি উপযুক্ত।,bn_IN,general_agriculture
গমের জন্য সেরা সার কোনটি?,ইউরিয়া ও ডিএপি গমের জন্য ভালো।,bn_IN,general_agriculture
গ্রীষ্মকালে কোন ফসল ভালো হয়?,"ভুট্টা, জোয়ার, ও বাজরা গ্রীষ্মের জন্য ভালো।",bn_IN,general_agriculture
গমের জন্য সেরা সার কোনটি?,ইউরিয়া ও ডিএপি গমের জন্য ভালো।,bn_IN,general_agriculture
গমের জন্য সেরা সার কোনটি?,ইউরিয়া ও ডিএপি গমের জন্য ভালো।,bn_IN,general_agriculture
গমের জন্য সেরা সার কোনটি?,ইউরিয়া ও ডিএপি গমের জন্য ভালো।,bn_IN,general_agriculture
গমের জন্য সেরা সার কোনটি?,ইউরিয়া ও ডিএপি গমের জন্য ভালো।,bn_IN,general_agriculture
ধানের জন্য কতটা পানি দরকার?,ধান চাষে 1200mm থেকে 1500mm জল প্রয়োজন।,bn_IN,general_agriculture
গমের জন্য সেরা সার কোনটি?,ইউরিয়া ও ডিএপি গমের জন্য ভালো।,bn_IN,general_agriculture
গ্রীষ্মকালে কোন ফসল ভালো হয়?,"ভুট্টা, জোয়ার, ও বাজরা গ্রীষ্মের জন্য ভালো।",bn_IN,general_agriculture
গমের জন্য সেরা সার কোনটি?,ইউরিয়া ও ডিএপি গমের জন্য ভালো।,bn_IN,general_agriculture
গ্রীষ্মকালে কোন ফসল ভালো হয়?,"ভুট্টা, জোয়ার, ও বাজরা গ্রীষ্মের জন্য ভালো।",bn_IN,general_agriculture
ধানের কীট প্রতিরোধের উপায় কী?,নিম তেল বা ফেরোমোন ফাঁদ ব্যবহার করুন।,bn_IN,general_agriculture
গমের জন্য সেরা সার কোনটি?,ইউরিয়া ও ডিএপি গমের জন্য ভালো।,bn_IN,general_agriculture
গমের জন্য সেরা সার কোনটি?,ইউরিয়া ও ডিএপি গমের জন্য ভালো।,bn_IN,general_agriculture
গমের জন্য সেরা সার কোনটি?,ইউরিয়া ও ডিএপি গমের জন্য ভালো।,bn_IN,general_agriculture
গমের জন্য সেরা সার কোনটি?,ইউরিয়া ও ডিএপি গমের জন্য ভালো।,bn_IN,general_agriculture
গমের জন্য সেরা সার কোনটি?,ইউরিয়া ও ডিএপি গমের জন্য ভালো।,bn_IN,general_agriculture
ধানের কীট প্রতিরোধের উপায় কী?,নিম তেল বা ফেরোমোন ফাঁদ ব্যবহার করুন।,bn_IN,general_agriculture
ধানের জন্য কতটা পানি দরকার?,ধান চাষে 1200mm থেকে 1500mm জল প্রয়োজন।,bn_IN,general_agriculture
গ্রীষ্মকালে কোন ফসল ভালো হয়?,"ভুট্টা, জোয়ার, ও বাজরা গ্রীষ্মের জন্য ভালো।",bn_IN,general_agriculture
গমের জন্য সেরা সার কোনটি?,ইউরিয়া ও ডিএপি গমের জন্য ভালো।,bn_IN,general_agriculture
ধানের কীট প্রতিরোধের উপায় কী?,নিম তেল বা ফেরোমোন ফাঁদ ব্যবহার করুন।,bn_IN,general_agriculture
ধানের জন্য কতটা পানি দরকার?,ধান চাষে 1200mm থেকে 1500mm জল প্রয়োজন।,bn_IN,general_agriculture
ধানের জন্য কতটা পানি দরকার?,ধান চাষে 1200mm থেকে 1500mm জল প্রয়োজন।,bn_IN,general_agriculture
ধানের কীট প্রতিরোধের উপায় কী?,নিম তেল বা ফেরোমোন ফাঁদ ব্যবহার করুন।,bn_IN,general_agriculture
গমের জন্য সেরা সার কোনটি?,ইউরিয়া ও ডিএপি গমের জন্য ভালো।,bn_IN,general_agriculture
গমের জন্য সেরা সার কোনটি?,ইউরিয়া ও ডিএপি গমের জন্য ভালো।,bn_IN,general_agriculture
ধানের জন্য কতটা পানি দরকার?,ধান চাষে 1200mm থেকে 1500mm জল প্রয়োজন।,bn_IN,general_agriculture
গমের জন্য সেরা সার কোনটি?,ইউরিয়া ও ডিএপি গমের জন্য ভালো।,bn_IN,general_agriculture
গমের জন্য সেরা সার কোনটি?,ইউরিয়া ও ডিএপি গমের জন্য ভালো।,bn_IN,general_agriculture
গ্রীষ্মকালে কোন ফসল ভালো হয়?,"ভুট্টা, জোয়ার, ও বাজরা গ্রীষ্মের জন্য ভালো।",bn_IN,general_agriculture
গ্রীষ্মকালে কোন ফসল ভালো হয়?,"ভুট্টা, জোয়ার, ও বাজরা গ্রীষ্মের জন্য ভালো।",bn_IN,general_agriculture
ধানের কীট প্রতিরোধের উপায় কী?,নিম তেল বা ফেরোমোন ফাঁদ ব্যবহার করুন।,bn_IN,general_agriculture
গমের জন্য সেরা সার কোনটি?,ইউরিয়া ও ডিএপি গমের জন্য ভালো।,bn_IN,general_agriculture
ধানের কীট প্রতিরোধের উপায় কী?,নিম তেল বা ফেরোমোন ফাঁদ ব্যবহার করুন।,bn_IN,general_agriculture
গ্রীষ্মকালে কোন ফসল ভালো হয়?,"ভুট্টা, জোয়ার, ও বাজরা গ্রীষ্মের জন্য ভালো।",bn_IN,general_agriculture
ধানের কীট প্রতিরোধের উপায় কী?,নিম তেল বা ফেরোমোন ফাঁদ ব্যবহার করুন।,bn_IN,general_agriculture
গমের জন্য সেরা সার কোনটি?,ইউরিয়া ও ডিএপি গমের জন্য ভালো।,bn_IN,general_agriculture
ধানের কীট প্রতিরোধের উপায় কী?,নিম তেল বা ফেরোমোন ফাঁদ ব্যবহার করুন।,bn_IN,general_agriculture
গমের জন্য সেরা সার কোনটি?,ইউরিয়া ও ডিএপি গমের জন্য ভালো।,bn_IN,general_agriculture
ধানের কীট প্রতিরোধের উপায় কী?,নিম তেল বা ফেরোমোন ফাঁদ ব্যবহার করুন।,bn_IN,general_agriculture
ধানের কীট প্রতিরোধের উপায় কী?,নিম তেল বা ফেরোমোন ফাঁদ ব্যবহার করুন।,bn_IN,general_agriculture
গমের জন্য সেরা সার কোনটি?,ইউরিয়া ও ডিএপি গমের জন্য ভালো।,bn_IN,general_agriculture
গ্রীষ্মকালে কোন ফসল ভালো হয়?,"ভুট্টা, জোয়ার, ও বাজরা গ্রীষ্মের জন্য ভালো।",bn_IN,general_agriculture
ধানের জন্য কতটা পানি দরকার?,ধান চাষে 1200mm থেকে 1500mm জল প্রয়োজন।,bn_IN,general_agriculture
গমের জন্য সেরা সার কোনটি?,ইউরিয়া ও ডিএপি গমের জন্য ভালো।,bn_IN,general_agriculture
ধানের কীট প্রতিরোধের উপায় কী?,নিম তেল বা ফেরোমোন ফাঁদ ব্যবহার করুন।,bn_IN,general_agriculture
গ্রীষ্মকালে কোন ফসল ভালো হয়?,"ভুট্টা, জোয়ার, ও বাজরা গ্রীষ্মের জন্য ভালো।",bn_IN,general_agriculture
ধানের কীট প্রতিরোধের উপায় কী?,নিম তেল বা ফেরোমোন ফাঁদ ব্যবহার করুন।,bn_IN,general_agriculture
ধানের কীট প্রতিরোধের উপায় কী?,নিম তেল বা ফেরোমোন ফাঁদ ব্যবহার করুন।,bn_IN,general_agriculture
ধানের জন্য কতটা পানি দরকার?,ধান চাষে 1200mm থেকে 1500mm জল প্রয়োজন।,bn_IN,general_agriculture
ধানের জন্য কতটা পানি দরকার?,ধান চাষে 1200mm থেকে 1500mm জল প্রয়োজন।,bn_IN,general_agriculture
গমের জন্য সেরা সার কোনটি?,ইউরিয়া ও ডিএপি গমের জন্য ভালো।,bn_IN,general_agriculture
গ্রীষ্মকালে কোন ফসল ভালো হয়?,"ভুট্টা, জোয়ার, ও বাজরা গ্রীষ্মের জন্য ভালো।",bn_IN,general_agriculture
ধানের জন্য কতটা পানি দরকার?,ধান চাষে 1200mm থেকে 1500mm জল প্রয়োজন।,bn_IN,general_agriculture
গমের জন্য সেরা সার কোনটি?,ইউরিয়া ও ডিএপি গমের জন্য ভালো।,bn_IN,general_agriculture
গ্রীষ্মকালে কোন ফসল ভালো হয়?,"ভুট্টা, জোয়ার, ও বাজরা গ্রীষ্মের জন্য ভালো।",bn_IN,general_agriculture
গমের জন্য সেরা সার কোনটি?,ইউরিয়া ও ডিএপি গমের জন্য ভালো।,bn_IN,general_agriculture
গমের জন্য সেরা সার কোনটি?,ইউরিয়া ও ডিএপি গমের জন্য ভালো।,bn_IN,general_agriculture
আখের জন্য কোন মাটি ভালো?,আখ চাষের জন্য দোআঁশ মাটি উপযুক্ত।,bn_IN,general_agriculture
ধানের জন্য কতটা পানি দরকার?,ধান চাষে 1200mm থেকে 1500mm জল প্রয়োজন।,bn_IN,general_agriculture
ধানের জন্য কতটা পানি দরকার?,ধান চাষে 1200mm থেকে 1500mm জল প্রয়োজন।,bn_IN,general_agriculture
ধানের কীট প্রতিরোধের উপায় কী?,নিম তেল বা ফেরোমোন ফাঁদ ব্যবহার করুন।,bn_IN,general_agriculture
গ্রীষ্মকালে কোন ফসল ভালো হয়?,"ভুট্টা, জোয়ার, ও বাজরা গ্রীষ্মের জন্য ভালো।",bn_IN,general_agriculture
গ্রীষ্মকালে কোন ফসল ভালো হয়?,"ভুট্টা, জোয়ার, ও বাজরা গ্রীষ্মের জন্য ভালো।",bn_IN,general_agriculture
ধানের কীট প্রতিরোধের উপায় কী?,নিম তেল বা ফেরোমোন ফাঁদ ব্যবহার করুন।,bn_IN,general_agriculture
গ্রীষ্মকালে কোন ফসল ভালো হয়?,"ভুট্টা, জোয়ার, ও বাজরা গ্রীষ্মের জন্য ভালো।",bn_IN,general_agriculture
ধানের কীট প্রতিরোধের উপায় কী?,নিম তেল বা ফেরোমোন ফাঁদ ব্যবহার করুন।,bn_IN,general_agriculture
গ্রীষ্মকালে কোন ফসল ভালো হয়?,"ভুট্টা, জোয়ার, ও বাজরা গ্রীষ্মের জন্য ভালো।",bn_IN,general_agriculture
ধানের কীট প্রতিরোধের উপায় কী?,নিম তেল বা ফেরোমোন ফাঁদ ব্যবহার করুন।,bn_IN,general_agriculture
গ্রীষ্মকালে কোন ফসল ভালো হয়?,"ভুট্টা, জোয়ার, ও বাজরা গ্রীষ্মের জন্য ভালো।",bn_IN,general_agriculture
গ্রীষ্মকালে কোন ফসল ভালো হয়?,"ভুট্টা, জোয়ার, ও বাজরা গ্রীষ্মের জন্য ভালো।",bn_IN,general_agriculture
গ্রীষ্মকালে কোন ফসল ভালো হয়?,"ভুট্টা, জোয়ার, ও বাজরা গ্রীষ্মের জন্য ভালো।",bn_IN,general_agriculture
গমের জন্য সেরা সার কোনটি?,ইউরিয়া ও ডিএপি গমের জন্য ভালো।,bn_IN,general_agriculture
ধানের জন্য কতটা পানি দরকার?,ধান চাষে 1200mm থেকে 1500mm জল প্রয়োজন।,bn_IN,general_agriculture
গমের জন্য সেরা সার কোনটি?,ইউরিয়া ও ডিএপি গমের জন্য ভালো।,bn_IN,general_agriculture
ধানের কীট প্রতিরোধের উপায় কী?,নিম তেল বা ফেরোমোন ফাঁদ ব্যবহার করুন।,bn_IN,general_agriculture
গমের জন্য সেরা সার কোনটি?,ইউরিয়া ও ডিএপি গমের জন্য ভালো।,bn_IN,general_agriculture
গমের জন্য সেরা সার কোনটি?,ইউরিয়া ও ডিএপি গমের জন্য ভালো।,bn_IN,general_agriculture
গমের জন্য সেরা সার কোনটি?,ইউরিয়া ও ডিএপি গমের জন্য ভালো।,bn_IN,general_agriculture
ধানের কীট প্রতিরোধের উপায় কী?,নিম তেল বা ফেরোমোন ফাঁদ ব্যবহার করুন।,bn_IN,general_agriculture
গ্রীষ্মকালে কোন ফসল ভালো হয়?,"ভুট্টা, জোয়ার, ও বাজরা গ্রীষ্মের জন্য ভালো।",bn_IN,general_agriculture
ধানের জন্য কতটা পানি দরকার?,ধান চাষে 1200mm থেকে 1500mm জল প্রয়োজন।,bn_IN,general_agriculture
ধানের কীট প্রতিরোধের উপায় কী?,নিম তেল বা ফেরোমোন ফাঁদ ব্যবহার করুন।,bn_IN,general_agriculture
গমের জন্য সেরা সার কোনটি?,ইউরিয়া ও ডিএপি গমের জন্য ভালো।,bn_IN,general_agriculture
வெயில் காலத்தில் எந்த பயிர் சிறந்தது?,"சோளம், சொர்க்கம் மற்றும் கம்பு வெயில் காலத்திற்கு சிறந்தது.",ta_IN,general_agriculture
கோதுமை வளர்க்க சிறந்த உரம் எது?,யூரியா மற்றும் டிஏபி போன்ற நைட்ரஜன் நிறைந்த உரங்களை பயன்படுத்தவும்.,ta_IN,general_agriculture
அரிசியில் பூச்சிகளை எவ்வாறு கட்டுப்படுத்துவது?,நீம் எண்ணெய் அல்லது பெரோமோன் கொள்கலன்களை பயன்படுத்தவும்.,ta_IN,general_agriculture
கரும்புக்கான சிறந்த மண் எது?,நன்றாக வடிகட்டும் மண் கரும்புக்கு சிறந்தது.,ta_IN,general_agriculture
நெல் பயிர்க்கு எவ்வளவு தண்ணீர் தேவை?,நெல் பயிர்க்கு 1200mm முதல் 1500mm வரை நீர் தேவை.,ta_IN,general_agriculture
நெல் பயிர்க்கு எவ்வளவு தண்ணீர் தேவை?,நெல் பயிர்க்கு 1200mm முதல் 1500mm வரை நீர் தேவை.,ta_IN,general_agriculture
வெயில் காலத்தில் எந்த பயிர் சிறந்தது?,"சோளம், சொர்க்கம் மற்றும் கம்பு வெயில் காலத்திற்கு சிறந்தது.",ta_IN,general_agriculture
நெல் பயிர்க்கு எவ்வளவு தண்ணீர் தேவை?,நெல் பயிர்க்கு 1200mm முதல் 1500mm வரை நீர் தேவை.,ta_IN,general_agriculture
வெயில் காலத்தில் எந்த பயிர் சிறந்தது?,"சோளம், சொர்க்கம் மற்றும் கம்பு வெயில் காலத்திற்கு சிறந்தது.",ta_IN,general_agriculture
வெயில் காலத்தில் எந்த பயிர் சிறந்தது?,"சோளம், சொர்க்கம் மற்றும் கம்பு வெயில் காலத்திற்கு சிறந்தது.",ta_IN,general_agriculture
கோதுமை வளர்க்க சிறந்த உரம் எது?,யூரியா மற்றும் டிஏபி போன்ற நைட்ரஜன் நிறைந்த உரங்களை பயன்படுத்தவும்.,ta_IN,general_agriculture
கோதுமை வளர்க்க சிறந்த உரம் எது?,யூரியா மற்றும் டிஏபி போன்ற நைட்ரஜன் நிறைந்த உரங்களை பயன்படுத்தவும்.,ta_IN,general_agriculture
வெயில் காலத்தில் எந்த பயிர் சிறந்தது?,"சோளம், சொர்க்கம் மற்றும் கம்பு வெயில் காலத்திற்கு சிறந்தது.",ta_IN,general_agriculture
வெயில் காலத்தில் எந்த பயிர் சிறந்தது?,"சோளம், சொர்க்கம் மற்றும் கம்பு வெயில் காலத்திற்கு சிறந்தது.",ta_IN,general_agriculture
வெயில் காலத்தில் எந்த பயிர் சிறந்தது?,"சோளம், சொர்க்கம் மற்றும் கம்பு வெயில் காலத்திற்கு சிறந்தது.",ta_IN,general_agriculture
அரிசியில் பூச்சிகளை எவ்வாறு கட்டுப்படுத்துவது?,நீம் எண்ணெய் அல்லது பெரோமோன் கொள்கலன்களை பயன்படுத்தவும்.,ta_IN,general_agriculture
கோதுமை வளர்க்க சிறந்த உரம் எது?,யூரியா மற்றும் டிஏபி போன்ற நைட்ரஜன் நிறைந்த உரங்களை பயன்படுத்தவும்.,ta_IN,general_agriculture
வெயில் காலத்தில் எந்த பயிர் சிறந்தது?,"சோளம், சொர்க்கம் மற்றும் கம்பு வெயில் காலத்திற்கு சிறந்தது.",ta_IN,general_agriculture
கோதுமை வளர்க்க சிறந்த உரம் எது?,யூரியா மற்றும் டிஏபி போன்ற நைட்ரஜன் நிறைந்த உரங்களை பயன்படுத்தவும்.,ta_IN,general_agriculture
நெல் பயிர்க்கு எவ்வளவு தண்ணீர் தேவை?,நெல் பயிர்க்கு 1200mm முதல் 1500mm வரை நீர் தேவை.,ta_IN,general_agriculture
வெயில் காலத்தில் எந்த பயிர் சிறந்தது?,"சோளம், சொர்க்கம் மற்றும் கம்பு வெயில் காலத்திற்கு சிறந்தது.",ta_IN,general_agriculture
கோதுமை வளர்க்க சிறந்த உரம் எது?,யூரியா மற்றும் டிஏபி போன்ற நைட்ரஜன் நிறைந்த உரங்களை பயன்படுத்தவும்.,ta_IN,general_agriculture
கோதுமை வளர்க்க சிறந்த உரம் எது?,யூரியா மற்றும் டிஏபி போன்ற நைட்ரஜன் நிறைந்த உரங்களை பயன்படுத்தவும்.,ta_IN,general_agriculture
கோதுமை வளர்க்க சிறந்த உரம் எது?,யூரியா மற்றும் டிஏபி போன்ற நைட்ரஜன் நிறைந்த உரங்களை பயன்படுத்தவும்.,ta_IN,general_agriculture
வெயில் காலத்தில் எந்த பயிர் சிறந்தது?,"சோளம், சொர்க்கம் மற்றும் கம்பு வெயில் காலத்திற்கு சிறந்தது.",ta_IN,general_agriculture
வெயில் காலத்தில் எந்த பயிர் சிறந்தது?,"சோளம், சொர்க்கம் மற்றும் கம்பு வெயில் காலத்திற்கு சிறந்தது.",ta_IN,general_agriculture
வெயில் காலத்தில் எந்த பயிர் சிறந்தது?,"சோளம், சொர்க்கம் மற்றும் கம்பு வெயில் காலத்திற்கு சிறந்தது.",ta_IN,general_agriculture
வெயில் காலத்தில் எந்த பயிர் சிறந்தது?,"சோளம், சொர்க்கம் மற்றும் கம்பு வெயில் காலத்திற்கு சிறந்தது.",ta_IN,general_agriculture
அரிசியில் பூச்சிகளை எவ்வாறு கட்டுப்படுத்துவது?,நீம் எண்ணெய் அல்லது பெரோமோன் கொள்கலன்களை பயன்படுத்தவும்.,ta_IN,general_agriculture
வெயில் காலத்தில் எந்த பயிர் சிறந்தது?,"சோளம், சொர்க்கம் மற்றும் கம்பு வெயில் காலத்திற்கு சிறந்தது.",ta_IN,general_agriculture
அரிசியில் பூச்சிகளை எவ்வாறு கட்டுப்படுத்துவது?,நீம் எண்ணெய் அல்லது பெரோமோன் கொள்கலன்களை பயன்படுத்தவும்.,ta_IN,general_agriculture
வெயில் காலத்தில் எந்த பயிர் சிறந்தது?,"சோளம், சொர்க்கம் மற்றும் கம்பு வெயில் காலத்திற்கு சிறந்தது.",ta_IN,general_agriculture
வெயில் காலத்தில் எந்த பயிர் சிறந்தது?,"சோளம், சொர்க்கம் மற்றும் கம்பு வெயில் காலத்திற்கு சிறந்தது.",ta_IN,general_agriculture
வெயில் காலத்தில் எந்த பயிர் சிறந்தது?,"சோளம், சொர்க்கம் மற்றும் கம்பு வெயில் காலத்திற்கு சிறந்தது.",ta_IN,general_agriculture
வெயில் காலத்தில் எந்த பயிர் சிறந்தது?,"சோளம், சொர்க்கம் மற்றும் கம்பு வெயில் காலத்திற்கு சிறந்தது.",ta_IN,general_agriculture
நெல் பயிர்க்கு எவ்வளவு தண்ணீர் தேவை?,நெல் பயிர்க்கு 1200mm முதல் 1500mm வரை நீர் தேவை.,ta_IN,general_agriculture
வெயில் காலத்தில் எந்த பயிர் சிறந்தது?,"சோளம், சொர்க்கம் மற்றும் கம்பு வெயில் காலத்திற்கு சிறந்தது.",ta_IN,general_agriculture
கோதுமை வளர்க்க சிறந்த உரம் எது?,யூரியா மற்றும் டிஏபி போன்ற நைட்ரஜன் நிறைந்த உரங்களை பயன்படுத்தவும்.,ta_IN,general_agriculture
கோதுமை வளர்க்க சிறந்த உரம் எது?,யூரியா மற்றும் டிஏபி போன்ற நைட்ரஜன் நிறைந்த உரங்களை பயன்படுத்தவும்.,ta_IN,general_agriculture
கோதுமை வளர்க்க சிறந்த உரம் எது?,யூரியா மற்றும் டிஏபி போன்ற நைட்ரஜன் நிறைந்த உரங்களை பயன்படுத்தவும்.,ta_IN,general_agriculture
அரிசியில் பூச்சிகளை எவ்வாறு கட்டுப்படுத்துவது?,நீம் எண்ணெய் அல்லது பெரோமோன் கொள்கலன்களை பயன்படுத்தவும்.,ta_IN,general_agriculture
அரிசியில் பூச்சிகளை எவ்வாறு கட்டுப்படுத்துவது?,நீம் எண்ணெய் அல்லது பெரோமோன் கொள்கலன்களை பயன்படுத்தவும்.,ta_IN,general_agriculture
வெயில் காலத்தில் எந்த பயிர் சிறந்தது?,"சோளம், சொர்க்கம் மற்றும் கம்பு வெயில் காலத்திற்கு சிறந்தது.",ta_IN,general_agriculture
அரிசியில் பூச்சிகளை எவ்வாறு கட்டுப்படுத்துவது?,நீம் எண்ணெய் அல்லது பெரோமோன் கொள்கலன்களை பயன்படுத்தவும்.,ta_IN,general_agriculture
வெயில் காலத்தில் எந்த பயிர் சிறந்தது?,"சோளம், சொர்க்கம் மற்றும் கம்பு வெயில் காலத்திற்கு சிறந்தது.",ta_IN,general_agriculture
வெயில் காலத்தில் எந்த பயிர் சிறந்தது?,"சோளம், சொர்க்கம் மற்றும் கம்பு வெயில் காலத்திற்கு சிறந்தது.",ta_IN,general_agriculture
வெயில் காலத்தில் எந்த பயிர் சிறந்தது?,"சோளம், சொர்க்கம் மற்றும் கம்பு வெயில் காலத்திற்கு சிறந்தது.",ta_IN,general_agriculture
கோதுமை வளர்க்க சிறந்த உரம் எது?,யூரியா மற்றும் டிஏபி போன்ற நைட்ரஜன் நிறைந்த உரங்களை பயன்படுத்தவும்.,ta_IN,general_agriculture
வெயில் காலத்தில் எந்த பயிர் சிறந்தது?,"சோளம், சொர்க்கம் மற்றும் கம்பு வெயில் காலத்திற்கு சிறந்தது.",ta_IN,general_agriculture
வெயில் காலத்தில் எந்த பயிர் சிறந்தது?,"சோளம், சொர்க்கம் மற்றும் கம்பு வெயில் காலத்திற்கு சிறந்தது.",ta_IN,general_agriculture
கோதுமை வளர்க்க சிறந்த உரம் எது?,யூரியா மற்றும் டிஏபி போன்ற நைட்ரஜன் நிறைந்த உரங்களை பயன்படுத்தவும்.,ta_IN,general_agriculture
வெயில் காலத்தில் எந்த பயிர் சிறந்தது?,"சோளம், சொர்க்கம் மற்றும் கம்பு வெயில் காலத்திற்கு சிறந்தது.",ta_IN,general_agriculture
கோதுமை வளர்க்க சிறந்த உரம் எது?,யூரியா மற்றும் டிஏபி போன்ற நைட்ரஜன் நிறைந்த உரங்களை பயன்படுத்தவும்.,ta_IN,general_agriculture
கோதுமை வளர்க்க சிறந்த உரம் எது?,யூரியா மற்றும் டிஏபி போன்ற நைட்ரஜன் நிறைந்த உரங்களை பயன்படுத்தவும்.,ta_IN,general_agriculture
கோதுமை வளர்க்க சிறந்த உரம் எது?,யூரியா மற்றும் டிஏபி போன்ற நைட்ரஜன் நிறைந்த உரங்களை பயன்படுத்தவும்.,ta_IN,general_agriculture
கோதுமை வளர்க்க சிறந்த உரம் எது?,யூரியா மற்றும் டிஏபி போன்ற நைட்ரஜன் நிறைந்த உரங்களை பயன்படுத்தவும்.,ta_IN,general_agriculture
வெயில் காலத்தில் எந்த பயிர் சிறந்தது?,"சோளம், சொர்க்கம் மற்றும் கம்பு வெயில் காலத்திற்கு சிறந்தது.",ta_IN,general_agriculture
நெல் பயிர்க்கு எவ்வளவு தண்ணீர் தேவை?,நெல் பயிர்க்கு 1200mm முதல் 1500mm வரை நீர் தேவை.,ta_IN,general_agriculture
வெயில் காலத்தில் எந்த பயிர் சிறந்தது?,"சோளம், சொர்க்கம் மற்றும் கம்பு வெயில் காலத்திற்கு சிறந்தது.",ta_IN,general_agriculture
கோதுமை வளர்க்க சிறந்த உரம் எது?,யூரியா மற்றும் டிஏபி போன்ற நைட்ரஜன் நிறைந்த உரங்களை பயன்படுத்தவும்.,ta_IN,general_agriculture
வெயில் காலத்தில் எந்த பயிர் சிறந்தது?,"சோளம், சொர்க்கம் மற்றும் கம்பு வெயில் காலத்திற்கு சிறந்தது.",ta_IN,general_agriculture
வெயில் காலத்தில் எந்த பயிர் சிறந்தது?,"சோளம், சொர்க்கம் மற்றும் கம்பு வெயில் காலத்திற்கு சிறந்தது.",ta_IN,general_agriculture
கோதுமை வளர்க்க சிறந்த உரம் எது?,யூரியா மற்றும் டிஏபி போன்ற நைட்ரஜன் நிறைந்த உரங்களை பயன்படுத்தவும்.,ta_IN,general_agriculture
வெயில் காலத்தில் எந்த பயிர் சிறந்தது?,"சோளம், சொர்க்கம் மற்றும் கம்பு வெயில் காலத்திற்கு சிறந்தது.",ta_IN,general_agriculture
கோதுமை வளர்க்க சிறந்த உரம் எது?,யூரியா மற்றும் டிஏபி போன்ற நைட்ரஜன் நிறைந்த உரங்களை பயன்படுத்தவும்.,ta_IN,general_agriculture
வெயில் காலத்தில் எந்த பயிர் சிறந்தது?,"சோளம், சொர்க்கம் மற்றும் கம்பு வெயில் காலத்திற்கு சிறந்தது.",ta_IN,general_agriculture
வெயில் காலத்தில் எந்த பயிர் சிறந்தது?,"சோளம், சொர்க்கம் மற்றும் கம்பு வெயில் காலத்திற்கு சிறந்தது.",ta_IN,general_agriculture
கோதுமை வளர்க்க சிறந்த உரம் எது?,யூரியா மற்றும் டிஏபி போன்ற நைட்ரஜன் நிறைந்த உரங்களை பயன்படுத்தவும்.,ta_IN,general_agriculture
வெயில் காலத்தில் எந்த பயிர் சிறந்தது?,"சோளம், சொர்க்கம் மற்றும் கம்பு வெயில் காலத்திற்கு சிறந்தது.",ta_IN,general_agriculture
வெயில் காலத்தில் எந்த பயிர் சிறந்தது?,"சோளம், சொர்க்கம் மற்றும் கம்பு வெயில் காலத்திற்கு சிறந்தது.",ta_IN,general_agriculture
கோதுமை வளர்க்க சிறந்த உரம் எது?,யூரியா மற்றும் டிஏபி போன்ற நைட்ரஜன் நிறைந்த உரங்களை பயன்படுத்தவும்.,ta_IN,general_agriculture
கோதுமை வளர்க்க சிறந்த உரம் எது?,யூரியா மற்றும் டிஏபி போன்ற நைட்ரஜன் நிறைந்த உரங்களை பயன்படுத்தவும்.,ta_IN,general_agriculture
அரிசியில் பூச்சிகளை எவ்வாறு கட்டுப்படுத்துவது?,நீம் எண்ணெய் அல்லது பெரோமோன் கொள்கலன்களை பயன்படுத்தவும்.,ta_IN,general_agriculture
கோதுமை வளர்க்க சிறந்த உரம் எது?,யூரியா மற்றும் டிஏபி போன்ற நைட்ரஜன் நிறைந்த உரங்களை பயன்படுத்தவும்.,ta_IN,general_agriculture
அரிசியில் பூச்சிகளை எவ்வாறு கட்டுப்படுத்துவது?,நீம் எண்ணெய் அல்லது பெரோமோன் கொள்கலன்களை பயன்படுத்தவும்.,ta_IN,general_agriculture
வெயில் காலத்தில் எந்த பயிர் சிறந்தது?,"சோளம், சொர்க்கம் மற்றும் கம்பு வெயில் காலத்திற்கு சிறந்தது.",ta_IN,general_agriculture
வெயில் காலத்தில் எந்த பயிர் சிறந்தது?,"சோளம், சொர்க்கம் மற்றும் கம்பு வெயில் காலத்திற்கு சிறந்தது.",ta_IN,general_agriculture
கோதுமை வளர்க்க சிறந்த உரம் எது?,யூரியா மற்றும் டிஏபி போன்ற நைட்ரஜன் நிறைந்த உரங்களை பயன்படுத்தவும்.,ta_IN,general_agriculture
வெயில் காலத்தில் எந்த பயிர் சிறந்தது?,"சோளம், சொர்க்கம் மற்றும் கம்பு வெயில் காலத்திற்கு சிறந்தது.",ta_IN,general_agriculture
வெயில் காலத்தில் எந்த பயிர் சிறந்தது?,"சோளம், சொர்க்கம் மற்றும் கம்பு வெயில் காலத்திற்கு சிறந்தது.",ta_IN,general_agriculture
வெயில் காலத்தில் எந்த பயிர் சிறந்தது?,"சோளம், சொர்க்கம் மற்றும் கம்பு வெயில் காலத்திற்கு சிறந்தது.",ta_IN,general_agriculture
வெயில் காலத்தில் எந்த பயிர் சிறந்தது?,"சோளம், சொர்க்கம் மற்றும் கம்பு வெயில் காலத்திற்கு சிறந்தது.",ta_IN,general_agriculture
நெல் பயிர்க்கு எவ்வளவு தண்ணீர் தேவை?,நெல் பயிர்க்கு 1200mm முதல் 1500mm வரை நீர் தேவை.,ta_IN,general_agriculture
வெயில் காலத்தில் எந்த பயிர் சிறந்தது?,"சோளம், சொர்க்கம் மற்றும் கம்பு வெயில் காலத்திற்கு சிறந்தது.",ta_IN,general_agriculture
வெயில் காலத்தில் எந்த பயிர் சிறந்தது?,"சோளம், சொர்க்கம் மற்றும் கம்பு வெயில் காலத்திற்கு சிறந்தது.",ta_IN,general_agriculture
வெயில் காலத்தில் எந்த பயிர் சிறந்தது?,"சோளம், சொர்க்கம் மற்றும் கம்பு வெயில் காலத்திற்கு சிறந்தது.",ta_IN,general_agriculture
வெயில் காலத்தில் எந்த பயிர் சிறந்தது?,"சோளம், சொர்க்கம் மற்றும் கம்பு வெயில் காலத்திற்கு சிறந்தது.",ta_IN,general_agriculture
நெல் பயிர்க்கு எவ்வளவு தண்ணீர் தேவை?,நெல் பயிர்க்கு 1200mm முதல் 1500mm வரை நீர் தேவை.,ta_IN,general_agriculture
கோதுமை வளர்க்க சிறந்த உரம் எது?,யூரியா மற்றும் டிஏபி போன்ற நைட்ரஜன் நிறைந்த உரங்களை பயன்படுத்தவும்.,ta_IN,general_agriculture
வெயில் காலத்தில் எந்த பயிர் சிறந்தது?,"சோளம், சொர்க்கம் மற்றும் கம்பு வெயில் காலத்திற்கு சிறந்தது.",ta_IN,general_agriculture
வெயில் காலத்தில் எந்த பயிர் சிறந்தது?,"சோளம், சொர்க்கம் மற்றும் கம்பு வெயில் காலத்திற்கு சிறந்தது.",ta_IN,general_agriculture
வெயில் காலத்தில் எந்த பயிர் சிறந்தது?,"சோளம், சொர்க்கம் மற்றும் கம்பு வெயில் காலத்திற்கு சிறந்தது.",ta_IN,general_agriculture
வெயில் காலத்தில் எந்த பயிர் சிறந்தது?,"சோளம், சொர்க்கம் மற்றும் கம்பு வெயில் காலத்திற்கு சிறந்தது.",ta_IN,general_agriculture
வெயில் காலத்தில் எந்த பயிர் சிறந்தது?,"சோளம், சொர்க்கம் மற்றும் கம்பு வெயில் காலத்திற்கு சிறந்தது.",ta_IN,general_agriculture
கோதுமை வளர்க்க சிறந்த உரம் எது?,யூரியா மற்றும் டிஏபி போன்ற நைட்ரஜன் நிறைந்த உரங்களை பயன்படுத்தவும்.,ta_IN,general_agriculture
வெயில் காலத்தில் எந்த பயிர் சிறந்தது?,"சோளம், சொர்க்கம் மற்றும் கம்பு வெயில் காலத்திற்கு சிறந்தது.",ta_IN,general_agriculture
நெல் பயிர்க்கு எவ்வளவு தண்ணீர் தேவை?,நெல் பயிர்க்கு 1200mm முதல் 1500mm வரை நீர் தேவை.,ta_IN,general_agriculture
கோதுமை வளர்க்க சிறந்த உரம் எது?,யூரியா மற்றும் டிஏபி போன்ற நைட்ரஜன் நிறைந்த உரங்களை பயன்படுத்தவும்.,ta_IN,general_agriculture
கோதுமை வளர்க்க சிறந்த உரம் எது?,யூரியா மற்றும் டிஏபி போன்ற நைட்ரஜன் நிறைந்த உரங்களை பயன்படுத்தவும்.,ta_IN,general_agriculture
நெல் பயிர்க்கு எவ்வளவு தண்ணீர் தேவை?,நெல் பயிர்க்கு 1200mm முதல் 1500mm வரை நீர் தேவை.,ta_IN,general_agriculture
ఎండాకాలానికి ఏ పంట మంచిది?,"మొక్కజొన్న, జొన్న మరియు సజ్జలు వేసవి కాలానికి అనుకూలం.",te_IN,general_agriculture
గోధుమలకు ఏ ఎరువు మంచిది?,యూరియా మరియు డీఏపీ లాంటి నైట్రోజన్ అధికంగా ఉన్న ఎరువులను ఉపయోగించండి.,te_IN,general_agriculture
బియ్యంలో పురుగులను ఎలా నివారించాలి?,నిమ్మ నూనె లేదా ఫెరోమోన్ ఉరులు ఉపయోగించండి.,te_IN,general_agriculture
చెరకు పెంచడానికి ఉత్తమ నేల ఏమిటి?,నాలుక మట్టి చెరకు సాగు కోసం ఉత్తమమైనది.,te_IN,general_agriculture
వరి పంటకు ఎంత నీరు అవసరం?,వరి పంటకు సుమారు 1200mm నుండి 1500mm వరకు నీరు అవసరం.,te_IN,general_agriculture
బియ్యంలో పురుగులను ఎలా నివారించాలి?,నిమ్మ నూనె లేదా ఫెరోమోన్ ఉరులు ఉపయోగించండి.,te_IN,general_agriculture
గోధుమలకు ఏ ఎరువు మంచిది?,యూరియా మరియు డీఏపీ లాంటి నైట్రోజన్ అధికంగా ఉన్న ఎరువులను ఉపయోగించండి.,te_IN,general_agriculture
వరి పంటకు ఎంత నీరు అవసరం?,వరి పంటకు సుమారు 1200mm నుండి 1500mm వరకు నీరు అవసరం.,te_IN,general_agriculture
బియ్యంలో పురుగులను ఎలా నివారించాలి?,నిమ్మ నూనె లేదా ఫెరోమోన్ ఉరులు ఉపయోగించండి.,te_IN,general_agriculture
వరి పంటకు ఎంత నీరు అవసరం?,వరి పంటకు సుమారు 1200mm నుండి 1500mm వరకు నీరు అవసరం.,te_IN,general_agriculture
బియ్యంలో పురుగులను ఎలా నివారించాలి?,నిమ్మ నూనె లేదా ఫెరోమోన్ ఉరులు ఉపయోగించండి.,te_IN,general_agriculture
బియ్యంలో పురుగులను ఎలా నివారించాలి?,నిమ్మ నూనె లేదా ఫెరోమోన్ ఉరులు ఉపయోగించండి.,te_IN,general_agriculture
గోధుమలకు ఏ ఎరువు మంచిది?,యూరియా మరియు డీఏపీ లాంటి నైట్రోజన్ అధికంగా ఉన్న ఎరువులను ఉపయోగించండి.,te_IN,general_agriculture
బియ్యంలో పురుగులను ఎలా నివారించాలి?,నిమ్మ నూనె లేదా ఫెరోమోన్ ఉరులు ఉపయోగించండి.,te_IN,general_agriculture
గోధుమలకు ఏ ఎరువు మంచిది?,యూరియా మరియు డీఏపీ లాంటి నైట్రోజన్ అధికంగా ఉన్న ఎరువులను ఉపయోగించండి.,te_IN,general_agriculture
గోధుమలకు ఏ ఎరువు మంచిది?,యూరియా మరియు డీఏపీ లాంటి నైట్రోజన్ అధికంగా ఉన్న ఎరువులను ఉపయోగించండి.,te_IN,general_agriculture
బియ్యంలో పురుగులను ఎలా నివారించాలి?,నిమ్మ నూనె లేదా ఫెరోమోన్ ఉరులు ఉపయోగించండి.,te_IN,general_agriculture
గోధుమలకు ఏ ఎరువు మంచిది?,యూరియా మరియు డీఏపీ లాంటి నైట్రోజన్ అధికంగా ఉన్న ఎరువులను ఉపయోగించండి.,te_IN,general_agriculture
గోధుమలకు ఏ ఎరువు మంచిది?,యూరియా మరియు డీఏపీ లాంటి నైట్రోజన్ అధికంగా ఉన్న ఎరువులను ఉపయోగించండి.,te_IN,general_agriculture
బియ్యంలో పురుగులను ఎలా నివారించాలి?,నిమ్మ నూనె లేదా ఫెరోమోన్ ఉరులు ఉపయోగించండి.,te_IN,general_agriculture
వరి పంటకు ఎంత నీరు అవసరం?,వరి పంటకు సుమారు 1200mm నుండి 1500mm వరకు నీరు అవసరం.,te_IN,general_agriculture
గోధుమలకు ఏ ఎరువు మంచిది?,యూరియా మరియు డీఏపీ లాంటి నైట్రోజన్ అధికంగా ఉన్న ఎరువులను ఉపయోగించండి.,te_IN,general_agriculture
బియ్యంలో పురుగులను ఎలా నివారించాలి?,నిమ్మ నూనె లేదా ఫెరోమోన్ ఉరులు ఉపయోగించండి.,te_IN,general_agriculture
చెరకు పెంచడానికి ఉత్తమ నేల ఏమిటి?,నాలుక మట్టి చెరకు సాగు కోసం ఉత్తమమైనది.,te_IN,general_agriculture
బియ్యంలో పురుగులను ఎలా నివారించాలి?,నిమ్మ నూనె లేదా ఫెరోమోన్ ఉరులు ఉపయోగించండి.,te_IN,general_agriculture
బియ్యంలో పురుగులను ఎలా నివారించాలి?,నిమ్మ నూనె లేదా ఫెరోమోన్ ఉరులు ఉపయోగించండి.,te_IN,general_agriculture
బియ్యంలో పురుగులను ఎలా నివారించాలి?,నిమ్మ నూనె లేదా ఫెరోమోన్ ఉరులు ఉపయోగించండి.,te_IN,general_agriculture
గోధుమలకు ఏ ఎరువు మంచిది?,యూరియా మరియు డీఏపీ లాంటి నైట్రోజన్ అధికంగా ఉన్న ఎరువులను ఉపయోగించండి.,te_IN,general_agriculture
బియ్యంలో పురుగులను ఎలా నివారించాలి?,నిమ్మ నూనె లేదా ఫెరోమోన్ ఉరులు ఉపయోగించండి.,te_IN,general_agriculture
బియ్యంలో పురుగులను ఎలా నివారించాలి?,నిమ్మ నూనె లేదా ఫెరోమోన్ ఉరులు ఉపయోగించండి.,te_IN,general_agriculture
గోధుమలకు ఏ ఎరువు మంచిది?,యూరియా మరియు డీఏపీ లాంటి నైట్రోజన్ అధికంగా ఉన్న ఎరువులను ఉపయోగించండి.,te_IN,general_agriculture
బియ్యంలో పురుగులను ఎలా నివారించాలి?,నిమ్మ నూనె లేదా ఫెరోమోన్ ఉరులు ఉపయోగించండి.,te_IN,general_agriculture
బియ్యంలో పురుగులను ఎలా నివారించాలి?,నిమ్మ నూనె లేదా ఫెరోమోన్ ఉరులు ఉపయోగించండి.,te_IN,general_agriculture
చెరకు పెంచడానికి ఉత్తమ నేల ఏమిటి?,నాలుక మట్టి చెరకు సాగు కోసం ఉత్తమమైనది.,te_IN,general_agriculture
బియ్యంలో పురుగులను ఎలా నివారించాలి?,నిమ్మ నూనె లేదా ఫెరోమోన్ ఉరులు ఉపయోగించండి.,te_IN,general_agriculture
గోధుమలకు ఏ ఎరువు మంచిది?,యూరియా మరియు డీఏపీ లాంటి నైట్రోజన్ అధికంగా ఉన్న ఎరువులను ఉపయోగించండి.,te_IN,general_agriculture
గోధుమలకు ఏ ఎరువు మంచిది?,యూరియా మరియు డీఏపీ లాంటి నైట్రోజన్ అధికంగా ఉన్న ఎరువులను ఉపయోగించండి.,te_IN,general_agriculture
బియ్యంలో పురుగులను ఎలా నివారించాలి?,నిమ్మ నూనె లేదా ఫెరోమోన్ ఉరులు ఉపయోగించండి.,te_IN,general_agriculture
గోధుమలకు ఏ ఎరువు మంచిది?,యూరియా మరియు డీఏపీ లాంటి నైట్రోజన్ అధికంగా ఉన్న ఎరువులను ఉపయోగించండి.,te_IN,general_agriculture
బియ్యంలో పురుగులను ఎలా నివారించాలి?,నిమ్మ నూనె లేదా ఫెరోమోన్ ఉరులు ఉపయోగించండి.,te_IN,general_agriculture
గోధుమలకు ఏ ఎరువు మంచిది?,యూరియా మరియు డీఏపీ లాంటి నైట్రోజన్ అధికంగా ఉన్న ఎరువులను ఉపయోగించండి.,te_IN,general_agriculture
వరి పంటకు ఎంత నీరు అవసరం?,వరి పంటకు సుమారు 1200mm నుండి 1500mm వరకు నీరు అవసరం.,te_IN,general_agriculture
బియ్యంలో పురుగులను ఎలా నివారించాలి?,నిమ్మ నూనె లేదా ఫెరోమోన్ ఉరులు ఉపయోగించండి.,te_IN,general_agriculture
బియ్యంలో పురుగులను ఎలా నివారించాలి?,నిమ్మ నూనె లేదా ఫెరోమోన్ ఉరులు ఉపయోగించండి.,te_IN,general_agriculture
చెరకు పెంచడానికి ఉత్తమ నేల ఏమిటి?,నాలుక మట్టి చెరకు సాగు కోసం ఉత్తమమైనది.,te_IN,general_agriculture
బియ్యంలో పురుగులను ఎలా నివారించాలి?,నిమ్మ నూనె లేదా ఫెరోమోన్ ఉరులు ఉపయోగించండి.,te_IN,general_agriculture
బియ్యంలో పురుగులను ఎలా నివారించాలి?,నిమ్మ నూనె లేదా ఫెరోమోన్ ఉరులు ఉపయోగించండి.,te_IN,general_agriculture
గోధుమలకు ఏ ఎరువు మంచిది?,యూరియా మరియు డీఏపీ లాంటి నైట్రోజన్ అధికంగా ఉన్న ఎరువులను ఉపయోగించండి.,te_IN,general_agriculture
బియ్యంలో పురుగులను ఎలా నివారించాలి?,నిమ్మ నూనె లేదా ఫెరోమోన్ ఉరులు ఉపయోగించండి.,te_IN,general_agriculture
బియ్యంలో పురుగులను ఎలా నివారించాలి?,నిమ్మ నూనె లేదా ఫెరోమోన్ ఉరులు ఉపయోగించండి.,te_IN,general_agriculture
గోధుమలకు ఏ ఎరువు మంచిది?,యూరియా మరియు డీఏపీ లాంటి నైట్రోజన్ అధికంగా ఉన్న ఎరువులను ఉపయోగించండి.,te_IN,general_agriculture
వరి పంటకు ఎంత నీరు అవసరం?,వరి పంటకు సుమారు 1200mm నుండి 1500mm వరకు నీరు అవసరం.,te_IN,general_agriculture
బియ్యంలో పురుగులను ఎలా నివారించాలి?,నిమ్మ నూనె లేదా ఫెరోమోన్ ఉరులు ఉపయోగించండి.,te_IN,general_agriculture
గోధుమలకు ఏ ఎరువు మంచిది?,యూరియా మరియు డీఏపీ లాంటి నైట్రోజన్ అధికంగా ఉన్న ఎరువులను ఉపయోగించండి.,te_IN,general_agriculture
బియ్యంలో పురుగులను ఎలా నివారించాలి?,నిమ్మ నూనె లేదా ఫెరోమోన్ ఉరులు ఉపయోగించండి.,te_IN,general_agriculture
చెరకు పెంచడానికి ఉత్తమ నేల ఏమిటి?,నాలుక మట్టి చెరకు సాగు కోసం ఉత్తమమైనది.,te_IN,general_agriculture
బియ్యంలో పురుగులను ఎలా నివారించాలి?,నిమ్మ నూనె లేదా ఫెరోమోన్ ఉరులు ఉపయోగించండి.,te_IN,general_agriculture
చెరకు పెంచడానికి ఉత్తమ నేల ఏమిటి?,నాలుక మట్టి చెరకు సాగు కోసం ఉత్తమమైనది.,te_IN,general_agriculture
గోధుమలకు ఏ ఎరువు మంచిది?,యూరియా మరియు డీఏపీ లాంటి నైట్రోజన్ అధికంగా ఉన్న ఎరువులను ఉపయోగించండి.,te_IN,general_agriculture
వరి పంటకు ఎంత నీరు అవసరం?,వరి పంటకు సుమారు 1200mm నుండి 1500mm వరకు నీరు అవసరం.,te_IN,general_agriculture
గోధుమలకు ఏ ఎరువు మంచిది?,యూరియా మరియు డీఏపీ లాంటి నైట్రోజన్ అధికంగా ఉన్న ఎరువులను ఉపయోగించండి.,te_IN,general_agriculture
గోధుమలకు ఏ ఎరువు మంచిది?,యూరియా మరియు డీఏపీ లాంటి నైట్రోజన్ అధికంగా ఉన్న ఎరువులను ఉపయోగించండి.,te_IN,general_agriculture
గోధుమలకు ఏ ఎరువు మంచిది?,యూరియా మరియు డీఏపీ లాంటి నైట్రోజన్ అధికంగా ఉన్న ఎరువులను ఉపయోగించండి.,te_IN,general_agriculture
గోధుమలకు ఏ ఎరువు మంచిది?,యూరియా మరియు డీఏపీ లాంటి నైట్రోజన్ అధికంగా ఉన్న ఎరువులను ఉపయోగించండి.,te_IN,general_agriculture
వరి పంటకు ఎంత నీరు అవసరం?,వరి పంటకు సుమారు 1200mm నుండి 1500mm వరకు నీరు అవసరం.,te_IN,general_agriculture
గోధుమలకు ఏ ఎరువు మంచిది?,యూరియా మరియు డీఏపీ లాంటి నైట్రోజన్ అధికంగా ఉన్న ఎరువులను ఉపయోగించండి.,te_IN,general_agriculture
బియ్యంలో పురుగులను ఎలా నివారించాలి?,నిమ్మ నూనె లేదా ఫెరోమోన్ ఉరులు ఉపయోగించండి.,te_IN,general_agriculture
బియ్యంలో పురుగులను ఎలా నివారించాలి?,నిమ్మ నూనె లేదా ఫెరోమోన్ ఉరులు ఉపయోగించండి.,te_IN,general_agriculture
వరి పంటకు ఎంత నీరు అవసరం?,వరి పంటకు సుమారు 1200mm నుండి 1500mm వరకు నీరు అవసరం.,te_IN,general_agriculture
గోధుమలకు ఏ ఎరువు మంచిది?,యూరియా మరియు డీఏపీ లాంటి నైట్రోజన్ అధికంగా ఉన్న ఎరువులను ఉపయోగించండి.,te_IN,general_agriculture
గోధుమలకు ఏ ఎరువు మంచిది?,యూరియా మరియు డీఏపీ లాంటి నైట్రోజన్ అధికంగా ఉన్న ఎరువులను ఉపయోగించండి.,te_IN,general_agriculture
బియ్యంలో పురుగులను ఎలా నివారించాలి?,నిమ్మ నూనె లేదా ఫెరోమోన్ ఉరులు ఉపయోగించండి.,te_IN,general_agriculture
వరి పంటకు ఎంత నీరు అవసరం?,వరి పంటకు సుమారు 1200mm నుండి 1500mm వరకు నీరు అవసరం.,te_IN,general_agriculture
బియ్యంలో పురుగులను ఎలా నివారించాలి?,నిమ్మ నూనె లేదా ఫెరోమోన్ ఉరులు ఉపయోగించండి.,te_IN,general_agriculture
గోధుమలకు ఏ ఎరువు మంచిది?,యూరియా మరియు డీఏపీ లాంటి నైట్రోజన్ అధికంగా ఉన్న ఎరువులను ఉపయోగించండి.,te_IN,general_agriculture
బియ్యంలో పురుగులను ఎలా నివారించాలి?,నిమ్మ నూనె లేదా ఫెరోమోన్ ఉరులు ఉపయోగించండి.,te_IN,general_agriculture
గోధుమలకు ఏ ఎరువు మంచిది?,యూరియా మరియు డీఏపీ లాంటి నైట్రోజన్ అధికంగా ఉన్న ఎరువులను ఉపయోగించండి.,te_IN,general_agriculture
గోధుమలకు ఏ ఎరువు మంచిది?,యూరియా మరియు డీఏపీ లాంటి నైట్రోజన్ అధికంగా ఉన్న ఎరువులను ఉపయోగించండి.,te_IN,general_agriculture
గోధుమలకు ఏ ఎరువు మంచిది?,యూరియా మరియు డీఏపీ లాంటి నైట్రోజన్ అధికంగా ఉన్న ఎరువులను ఉపయోగించండి.,te_IN,general_agriculture
బియ్యంలో పురుగులను ఎలా నివారించాలి?,నిమ్మ నూనె లేదా ఫెరోమోన్ ఉరులు ఉపయోగించండి.,te_IN,general_agriculture
గోధుమలకు ఏ ఎరువు మంచిది?,యూరియా మరియు డీఏపీ లాంటి నైట్రోజన్ అధికంగా ఉన్న ఎరువులను ఉపయోగించండి.,te_IN,general_agriculture
బియ్యంలో పురుగులను ఎలా నివారించాలి?,నిమ్మ నూనె లేదా ఫెరోమోన్ ఉరులు ఉపయోగించండి.,te_IN,general_agriculture
గోధుమలకు ఏ ఎరువు మంచిది?,యూరియా మరియు డీఏపీ లాంటి నైట్రోజన్ అధికంగా ఉన్న ఎరువులను ఉపయోగించండి.,te_IN,general_agriculture
చెరకు పెంచడానికి ఉత్తమ నేల ఏమిటి?,నాలుక మట్టి చెరకు సాగు కోసం ఉత్తమమైనది.,te_IN,general_agriculture
గోధుమలకు ఏ ఎరువు మంచిది?,యూరియా మరియు డీఏపీ లాంటి నైట్రోజన్ అధికంగా ఉన్న ఎరువులను ఉపయోగించండి.,te_IN,general_agriculture
గోధుమలకు ఏ ఎరువు మంచిది?,యూరియా మరియు డీఏపీ లాంటి నైట్రోజన్ అధికంగా ఉన్న ఎరువులను ఉపయోగించండి.,te_IN,general_agriculture
గోధుమలకు ఏ ఎరువు మంచిది?,యూరియా మరియు డీఏపీ లాంటి నైట్రోజన్ అధికంగా ఉన్న ఎరువులను ఉపయోగించండి.,te_IN,general_agriculture
గోధుమలకు ఏ ఎరువు మంచిది?,యూరియా మరియు డీఏపీ లాంటి నైట్రోజన్ అధికంగా ఉన్న ఎరువులను ఉపయోగించండి.,te_IN,general_agriculture
గోధుమలకు ఏ ఎరువు మంచిది?,యూరియా మరియు డీఏపీ లాంటి నైట్రోజన్ అధికంగా ఉన్న ఎరువులను ఉపయోగించండి.,te_IN,general_agriculture
బియ్యంలో పురుగులను ఎలా నివారించాలి?,నిమ్మ నూనె లేదా ఫెరోమోన్ ఉరులు ఉపయోగించండి.,te_IN,general_agriculture
గోధుమలకు ఏ ఎరువు మంచిది?,యూరియా మరియు డీఏపీ లాంటి నైట్రోజన్ అధికంగా ఉన్న ఎరువులను ఉపయోగించండి.,te_IN,general_agriculture
బియ్యంలో పురుగులను ఎలా నివారించాలి?,నిమ్మ నూనె లేదా ఫెరోమోన్ ఉరులు ఉపయోగించండి.,te_IN,general_agriculture
చెరకు పెంచడానికి ఉత్తమ నేల ఏమిటి?,నాలుక మట్టి చెరకు సాగు కోసం ఉత్తమమైనది.,te_IN,general_agriculture
బియ్యంలో పురుగులను ఎలా నివారించాలి?,నిమ్మ నూనె లేదా ఫెరోమోన్ ఉరులు ఉపయోగించండి.,te_IN,general_agriculture
గోధుమలకు ఏ ఎరువు మంచిది?,యూరియా మరియు డీఏపీ లాంటి నైట్రోజన్ అధికంగా ఉన్న ఎరువులను ఉపయోగించండి.,te_IN,general_agriculture
బియ్యంలో పురుగులను ఎలా నివారించాలి?,నిమ్మ నూనె లేదా ఫెరోమోన్ ఉరులు ఉపయోగించండి.,te_IN,general_agriculture
వరి పంటకు ఎంత నీరు అవసరం?,వరి పంటకు సుమారు 1200mm నుండి 1500mm వరకు నీరు అవసరం.,te_IN,general_agriculture
గోధుమలకు ఏ ఎరువు మంచిది?,యూరియా మరియు డీఏపీ లాంటి నైట్రోజన్ అధికంగా ఉన్న ఎరువులను ఉపయోగించండి.,te_IN,general_agriculture
బియ్యంలో పురుగులను ఎలా నివారించాలి?,నిమ్మ నూనె లేదా ఫెరోమోన్ ఉరులు ఉపయోగించండి.,te_IN,general_agriculture
గోధుమలకు ఏ ఎరువు మంచిది?,యూరియా మరియు డీఏపీ లాంటి నైట్రోజన్ అధికంగా ఉన్న ఎరువులను ఉపయోగించండి.,te_IN,general_agriculture
ਗਰਮੀਆਂ ਲਈ ਕਿਹੜੀ ਫ਼ਸਲ ਚੰਗੀ ਹੈ?,"ਗਰਮੀਆਂ ਵਿੱਚ ਮਕਈ, ਜਵਾਰ ਅਤੇ ਬਾਜਰਾ ਵਧੀਆ ਹਨ।",pa_IN,general_agriculture
ਗੰਹੁੰ ਲਈ ਸਭ ਤੋਂ ਵਧੀਆ ਖਾਦ ਕੀ ਹੈ?,ਯੂਰੀਆ ਅਤੇ ਡੀਏਪੀ ਵਰਗੀਆਂ ਨਾਈਟ੍ਰੋਜਨ-ਧਾਰੀ ਖਾਦਾਂ ਵਰਤੋ।,pa_IN,general_agriculture
ਚੌਲ ਵਿੱਚ ਕੀਟਾਂ ਨੂੰ ਕਿਵੇਂ ਰੋਕਣਾ?,ਨੀਮ ਤੇਲ ਜਾਂ ਫੈਰੋਮੋਨ ਟਰੈਪ ਵਰਤੋ।,pa_IN,general_agriculture
ਗੰਨੇ ਲਈ ਸਭ ਤੋਂ ਵਧੀਆ ਮਿੱਟੀ ਕੀ ਹੈ?,ਗੰਨੇ ਲਈ ਚਿਕਣੀ ਮਿੱਟੀ ਚੰਗੀ ਰਹਿੰਦੀ ਹੈ।,pa_IN,general_agriculture
ਚੌਲ ਲਈ ਕਿੰਨਾ ਪਾਣੀ ਚਾਹੀਦਾ?,ਚੌਲ ਲਈ ਲਗਭਗ 1200mm ਤੋਂ 1500mm ਪਾਣੀ ਲੋੜੀਂਦਾ ਹੈ।,pa_IN,general_agriculture
ਗਰਮੀਆਂ ਲਈ ਕਿਹੜੀ ਫ਼ਸਲ ਚੰਗੀ ਹੈ?,"ਗਰਮੀਆਂ ਵਿੱਚ ਮਕਈ, ਜਵਾਰ ਅਤੇ ਬਾਜਰਾ ਵਧੀਆ ਹਨ।",pa_IN,general_agriculture
ਗਰਮੀਆਂ ਲਈ ਕਿਹੜੀ ਫ਼ਸਲ ਚੰਗੀ ਹੈ?,"ਗਰਮੀਆਂ ਵਿੱਚ ਮਕਈ, ਜਵਾਰ ਅਤੇ ਬਾਜਰਾ ਵਧੀਆ ਹਨ।",pa_IN,general_agriculture
ਗਰਮੀਆਂ ਲਈ ਕਿਹੜੀ ਫ਼ਸਲ ਚੰਗੀ ਹੈ?,"ਗਰਮੀਆਂ ਵਿੱਚ ਮਕਈ, ਜਵਾਰ ਅਤੇ ਬਾਜਰਾ ਵਧੀਆ ਹਨ।",pa_IN,general_agriculture
ਗੰਨੇ ਲਈ ਸਭ ਤੋਂ ਵਧੀਆ ਮਿੱਟੀ ਕੀ ਹੈ?,ਗੰਨੇ ਲਈ ਚਿਕਣੀ ਮਿੱਟੀ ਚੰਗੀ ਰਹਿੰਦੀ ਹੈ।,pa_IN,general_agriculture
ਗਰਮੀਆਂ ਲਈ ਕਿਹੜੀ ਫ਼ਸਲ ਚੰਗੀ ਹੈ?,"ਗਰਮੀਆਂ ਵਿੱਚ ਮਕਈ, ਜਵਾਰ ਅਤੇ ਬਾਜਰਾ ਵਧੀਆ ਹਨ।",pa_IN,general_agriculture
ਗਰਮੀਆਂ ਲਈ ਕਿਹੜੀ ਫ਼ਸਲ ਚੰਗੀ ਹੈ?,"ਗਰਮੀਆਂ ਵਿੱਚ ਮਕਈ, ਜਵਾਰ ਅਤੇ ਬਾਜਰਾ ਵਧੀਆ ਹਨ।",pa_IN,general_agriculture
ਗਰਮੀਆਂ ਲਈ ਕਿਹੜੀ ਫ਼ਸਲ ਚੰਗੀ ਹੈ?,"ਗਰਮੀਆਂ ਵਿੱਚ ਮਕਈ, ਜਵਾਰ ਅਤੇ ਬਾਜਰਾ ਵਧੀਆ ਹਨ।",pa_IN,general_agriculture
ਗਰਮੀਆਂ ਲਈ ਕਿਹੜੀ ਫ਼ਸਲ ਚੰਗੀ ਹੈ?,"ਗਰਮੀਆਂ ਵਿੱਚ ਮਕਈ, ਜਵਾਰ ਅਤੇ ਬਾਜਰਾ ਵਧੀਆ ਹਨ।",pa_IN,general_agriculture
ਚੌਲ ਲਈ ਕਿੰਨਾ ਪਾਣੀ ਚਾਹੀਦਾ?,ਚੌਲ ਲਈ ਲਗਭਗ 1200mm ਤੋਂ 1500mm ਪਾਣੀ ਲੋੜੀਂਦਾ ਹੈ।,pa_IN,general_agriculture
ਗੰਨੇ ਲਈ ਸਭ ਤੋਂ ਵਧੀਆ ਮਿੱਟੀ ਕੀ ਹੈ?,ਗੰਨੇ ਲਈ ਚਿਕਣੀ ਮਿੱਟੀ ਚੰਗੀ ਰਹਿੰਦੀ ਹੈ।,pa_IN,general_agriculture
ਗਰਮੀਆਂ ਲਈ ਕਿਹੜੀ ਫ਼ਸਲ ਚੰਗੀ ਹੈ?,"ਗਰਮੀਆਂ ਵਿੱਚ ਮਕਈ, ਜਵਾਰ ਅਤੇ ਬਾਜਰਾ ਵਧੀਆ ਹਨ।",pa_IN,general_agriculture
ਗਰਮੀਆਂ ਲਈ ਕਿਹੜੀ ਫ਼ਸਲ ਚੰਗੀ ਹੈ?,"ਗਰਮੀਆਂ ਵਿੱਚ ਮਕਈ, ਜਵਾਰ ਅਤੇ ਬਾਜਰਾ ਵਧੀਆ ਹਨ।",pa_IN,general_agriculture
ਗਰਮੀਆਂ ਲਈ ਕਿਹੜੀ ਫ਼ਸਲ ਚੰਗੀ ਹੈ?,"ਗਰਮੀਆਂ ਵਿੱਚ ਮਕਈ, ਜਵਾਰ ਅਤੇ ਬਾਜਰਾ ਵਧੀਆ ਹਨ।",pa_IN,general_agriculture
ਚੌਲ ਲਈ ਕਿੰਨਾ ਪਾਣੀ ਚਾਹੀਦਾ?,ਚੌਲ ਲਈ ਲਗਭਗ 1200mm ਤੋਂ 1500mm ਪਾਣੀ ਲੋੜੀਂਦਾ ਹੈ।,pa_IN,general_agriculture
ਗੰਹੁੰ ਲਈ ਸਭ ਤੋਂ ਵਧੀਆ ਖਾਦ ਕੀ ਹੈ?,ਯੂਰੀਆ ਅਤੇ ਡੀਏਪੀ ਵਰਗੀਆਂ ਨਾਈਟ੍ਰੋਜਨ-ਧਾਰੀ ਖਾਦਾਂ ਵਰਤੋ।,pa_IN,general_agriculture
ਗੰਹੁੰ ਲਈ ਸਭ ਤੋਂ ਵਧੀਆ ਖਾਦ ਕੀ ਹੈ?,ਯੂਰੀਆ ਅਤੇ ਡੀਏਪੀ ਵਰਗੀਆਂ ਨਾਈਟ੍ਰੋਜਨ-ਧਾਰੀ ਖਾਦਾਂ ਵਰਤੋ।,pa_IN,general_agriculture
ਚੌਲ ਲਈ ਕਿੰਨਾ ਪਾਣੀ ਚਾਹੀਦਾ?,ਚੌਲ ਲਈ ਲਗਭਗ 1200mm ਤੋਂ 1500mm ਪਾਣੀ ਲੋੜੀਂਦਾ ਹੈ।,pa_IN,general_agriculture
ਗੰਹੁੰ ਲਈ ਸਭ ਤੋਂ ਵਧੀਆ ਖਾਦ ਕੀ ਹੈ?,ਯੂਰੀਆ ਅਤੇ ਡੀਏਪੀ ਵਰਗੀਆਂ ਨਾਈਟ੍ਰੋਜਨ-ਧਾਰੀ ਖਾਦਾਂ ਵਰਤੋ।,pa_IN,general_agriculture
ਗੰਹੁੰ ਲਈ ਸਭ ਤੋਂ ਵਧੀਆ ਖਾਦ ਕੀ ਹੈ?,ਯੂਰੀਆ ਅਤੇ ਡੀਏਪੀ ਵਰਗੀਆਂ ਨਾਈਟ੍ਰੋਜਨ-ਧਾਰੀ ਖਾਦਾਂ ਵਰਤੋ।,pa_IN,general_agriculture
ਗਰਮੀਆਂ ਲਈ ਕਿਹੜੀ ਫ਼ਸਲ ਚੰਗੀ ਹੈ?,"ਗਰਮੀਆਂ ਵਿੱਚ ਮਕਈ, ਜਵਾਰ ਅਤੇ ਬਾਜਰਾ ਵਧੀਆ ਹਨ।",pa_IN,general_agriculture
ਚੌਲ ਵਿੱਚ ਕੀਟਾਂ ਨੂੰ ਕਿਵੇਂ ਰੋਕਣਾ?,ਨੀਮ ਤੇਲ ਜਾਂ ਫੈਰੋਮੋਨ ਟਰੈਪ ਵਰਤੋ।,pa_IN,general_agriculture
ਗੰਨੇ ਲਈ ਸਭ ਤੋਂ ਵਧੀਆ ਮਿੱਟੀ ਕੀ ਹੈ?,ਗੰਨੇ ਲਈ ਚਿਕਣੀ ਮਿੱਟੀ ਚੰਗੀ ਰਹਿੰਦੀ ਹੈ।,pa_IN,general_agriculture
ਗਰਮੀਆਂ ਲਈ ਕਿਹੜੀ ਫ਼ਸਲ ਚੰਗੀ ਹੈ?,"ਗਰਮੀਆਂ ਵਿੱਚ ਮਕਈ, ਜਵਾਰ ਅਤੇ ਬਾਜਰਾ ਵਧੀਆ ਹਨ।",pa_IN,general_agriculture
ਚੌਲ ਵਿੱਚ ਕੀਟਾਂ ਨੂੰ ਕਿਵੇਂ ਰੋਕਣਾ?,ਨੀਮ ਤੇਲ ਜਾਂ ਫੈਰੋਮੋਨ ਟਰੈਪ ਵਰਤੋ।,pa_IN,general_agriculture
ਗਰਮੀਆਂ ਲਈ ਕਿਹੜੀ ਫ਼ਸਲ ਚੰਗੀ ਹੈ?,"ਗਰਮੀਆਂ ਵਿੱਚ ਮਕਈ, ਜਵਾਰ ਅਤੇ ਬਾਜਰਾ ਵਧੀਆ ਹਨ।",pa_IN,general_agriculture
ਗਰਮੀਆਂ ਲਈ ਕਿਹੜੀ ਫ਼ਸਲ ਚੰਗੀ ਹੈ?,"ਗਰਮੀਆਂ ਵਿੱਚ ਮਕਈ, ਜਵਾਰ ਅਤੇ ਬਾਜਰਾ ਵਧੀਆ ਹਨ।",pa_IN,general_agriculture
ਗੰਹੁੰ ਲਈ ਸਭ ਤੋਂ ਵਧੀਆ ਖਾਦ ਕੀ ਹੈ?,ਯੂਰੀਆ ਅਤੇ ਡੀਏਪੀ ਵਰਗੀਆਂ ਨਾਈਟ੍ਰੋਜਨ-ਧਾਰੀ ਖਾਦਾਂ ਵਰਤੋ।,pa_IN,general_agriculture
ਗਰਮੀਆਂ ਲਈ ਕਿਹੜੀ ਫ਼ਸਲ ਚੰਗੀ ਹੈ?,"ਗਰਮੀਆਂ ਵਿੱਚ ਮਕਈ, ਜਵਾਰ ਅਤੇ ਬਾਜਰਾ ਵਧੀਆ ਹਨ।",pa_IN,general_agriculture
ਚੌਲ ਲਈ ਕਿੰਨਾ ਪਾਣੀ ਚਾਹੀਦਾ?,ਚੌਲ ਲਈ ਲਗਭਗ 1200mm ਤੋਂ 1500mm ਪਾਣੀ ਲੋੜੀਂਦਾ ਹੈ।,pa_IN,general_agriculture
ਗੰਹੁੰ ਲਈ ਸਭ ਤੋਂ ਵਧੀਆ ਖਾਦ ਕੀ ਹੈ?,ਯੂਰੀਆ ਅਤੇ ਡੀਏਪੀ ਵਰਗੀਆਂ ਨਾਈਟ੍ਰੋਜਨ-ਧਾਰੀ ਖਾਦਾਂ ਵਰਤੋ।,pa_IN,general_agriculture
ਗਰਮੀਆਂ ਲਈ ਕਿਹੜੀ ਫ਼ਸਲ ਚੰਗੀ ਹੈ?,"ਗਰਮੀਆਂ ਵਿੱਚ ਮਕਈ, ਜਵਾਰ ਅਤੇ ਬਾਜਰਾ ਵਧੀਆ ਹਨ।",pa_IN,general_agriculture
ਗੰਨੇ ਲਈ ਸਭ ਤੋਂ ਵਧੀਆ ਮਿੱਟੀ ਕੀ ਹੈ?,ਗੰਨੇ ਲਈ ਚਿਕਣੀ ਮਿੱਟੀ ਚੰਗੀ ਰਹਿੰਦੀ ਹੈ।,pa_IN,general_agriculture
ਗੰਹੁੰ ਲਈ ਸਭ ਤੋਂ ਵਧੀਆ ਖਾਦ ਕੀ ਹੈ?,ਯੂਰੀਆ ਅਤੇ ਡੀਏਪੀ ਵਰਗੀਆਂ ਨਾਈਟ੍ਰੋਜਨ-ਧਾਰੀ ਖਾਦਾਂ ਵਰਤੋ।,pa_IN,general_agriculture
ਗਰਮੀਆਂ ਲਈ ਕਿਹੜੀ ਫ਼ਸਲ ਚੰਗੀ ਹੈ?,"ਗਰਮੀਆਂ ਵਿੱਚ ਮਕਈ, ਜਵਾਰ ਅਤੇ ਬਾਜਰਾ ਵਧੀਆ ਹਨ।",pa_IN,general_agriculture
ਗੰਨੇ ਲਈ ਸਭ ਤੋਂ ਵਧੀਆ ਮਿੱਟੀ ਕੀ ਹੈ?,ਗੰਨੇ ਲਈ ਚਿਕਣੀ ਮਿੱਟੀ ਚੰਗੀ ਰਹਿੰਦੀ ਹੈ।,pa_IN,general_agriculture
ਗੰਹੁੰ ਲਈ ਸਭ ਤੋਂ ਵਧੀਆ ਖਾਦ ਕੀ ਹੈ?,ਯੂਰੀਆ ਅਤੇ ਡੀਏਪੀ ਵਰਗੀਆਂ ਨਾਈਟ੍ਰੋਜਨ-ਧਾਰੀ ਖਾਦਾਂ ਵਰਤੋ।,pa_IN,general_agriculture
ਚੌਲ ਲਈ ਕਿੰਨਾ ਪਾਣੀ ਚਾਹੀਦਾ?,ਚੌਲ ਲਈ ਲਗਭਗ 1200mm ਤੋਂ 1500mm ਪਾਣੀ ਲੋੜੀਂਦਾ ਹੈ।,pa_IN,general_agriculture
ਗੰਹੁੰ ਲਈ ਸਭ ਤੋਂ ਵਧੀਆ ਖਾਦ ਕੀ ਹੈ?,ਯੂਰੀਆ ਅਤੇ ਡੀਏਪੀ ਵਰਗੀਆਂ ਨਾਈਟ੍ਰੋਜਨ-ਧਾਰੀ ਖਾਦਾਂ ਵਰਤੋ।,pa_IN,general_agriculture
ਗੰਹੁੰ ਲਈ ਸਭ ਤੋਂ ਵਧੀਆ ਖਾਦ ਕੀ ਹੈ?,ਯੂਰੀਆ ਅਤੇ ਡੀਏਪੀ ਵਰਗੀਆਂ ਨਾਈਟ੍ਰੋਜਨ-ਧਾਰੀ ਖਾਦਾਂ ਵਰਤੋ।,pa_IN,general_agriculture
ਚੌਲ ਲਈ ਕਿੰਨਾ ਪਾਣੀ ਚਾਹੀਦਾ?,ਚੌਲ ਲਈ ਲਗਭਗ 1200mm ਤੋਂ 1500mm ਪਾਣੀ ਲੋੜੀਂਦਾ ਹੈ।,pa_IN,general_agriculture
ਗੰਹੁੰ ਲਈ ਸਭ ਤੋਂ ਵਧੀਆ ਖਾਦ ਕੀ ਹੈ?,ਯੂਰੀਆ ਅਤੇ ਡੀਏਪੀ ਵਰਗੀਆਂ ਨਾਈਟ੍ਰੋਜਨ-ਧਾਰੀ ਖਾਦਾਂ ਵਰਤੋ।,pa_IN,general_agriculture
ਗੰਨੇ ਲਈ ਸਭ ਤੋਂ ਵਧੀਆ ਮਿੱਟੀ ਕੀ ਹੈ?,ਗੰਨੇ ਲਈ ਚਿਕਣੀ ਮਿੱਟੀ ਚੰਗੀ ਰਹਿੰਦੀ ਹੈ।,pa_IN,general_agriculture
ਗੰਨੇ ਲਈ ਸਭ ਤੋਂ ਵਧੀਆ ਮਿੱਟੀ ਕੀ ਹੈ?,ਗੰਨੇ ਲਈ ਚਿਕਣੀ ਮਿੱਟੀ ਚੰਗੀ ਰਹਿੰਦੀ ਹੈ।,pa_IN,general_agriculture
ਗੰਹੁੰ ਲਈ ਸਭ ਤੋਂ ਵਧੀਆ ਖਾਦ ਕੀ ਹੈ?,ਯੂਰੀਆ ਅਤੇ ਡੀਏਪੀ ਵਰਗੀਆਂ ਨਾਈਟ੍ਰੋਜਨ-ਧਾਰੀ ਖਾਦਾਂ ਵਰਤੋ।,pa_IN,general_agriculture
ਗੰਹੁੰ ਲਈ ਸਭ ਤੋਂ ਵਧੀਆ ਖਾਦ ਕੀ ਹੈ?,ਯੂਰੀਆ ਅਤੇ ਡੀਏਪੀ ਵਰਗੀਆਂ ਨਾਈਟ੍ਰੋਜਨ-ਧਾਰੀ ਖਾਦਾਂ ਵਰਤੋ।,pa_IN,general_agriculture
ਗੰਹੁੰ ਲਈ ਸਭ ਤੋਂ ਵਧੀਆ ਖਾਦ ਕੀ ਹੈ?,ਯੂਰੀਆ ਅਤੇ ਡੀਏਪੀ ਵਰਗੀਆਂ ਨਾਈਟ੍ਰੋਜਨ-ਧਾਰੀ ਖਾਦਾਂ ਵਰਤੋ।,pa_IN,general_agriculture
ਗਰਮੀਆਂ ਲਈ ਕਿਹੜੀ ਫ਼ਸਲ ਚੰਗੀ ਹੈ?,"ਗਰਮੀਆਂ ਵਿੱਚ ਮਕਈ, ਜਵਾਰ ਅਤੇ ਬਾਜਰਾ ਵਧੀਆ ਹਨ।",pa_IN,general_agriculture
ਗਰਮੀਆਂ ਲਈ ਕਿਹੜੀ ਫ਼ਸਲ ਚੰਗੀ ਹੈ?,"ਗਰਮੀਆਂ ਵਿੱਚ ਮਕਈ, ਜਵਾਰ ਅਤੇ ਬਾਜਰਾ ਵਧੀਆ ਹਨ।",pa_IN,general_agriculture
ਗਰਮੀਆਂ ਲਈ ਕਿਹੜੀ ਫ਼ਸਲ ਚੰਗੀ ਹੈ?,"ਗਰਮੀਆਂ ਵਿੱਚ ਮਕਈ, ਜਵਾਰ ਅਤੇ ਬਾਜਰਾ ਵਧੀਆ ਹਨ।",pa_IN,general_agriculture
ਗੰਹੁੰ ਲਈ ਸਭ ਤੋਂ ਵਧੀਆ ਖਾਦ ਕੀ ਹੈ?,ਯੂਰੀਆ ਅਤੇ ਡੀਏਪੀ ਵਰਗੀਆਂ ਨਾਈਟ੍ਰੋਜਨ-ਧਾਰੀ ਖਾਦਾਂ ਵਰਤੋ।,pa_IN,general_agriculture
ਚੌਲ ਵਿੱਚ ਕੀਟਾਂ ਨੂੰ ਕਿਵੇਂ ਰੋਕਣਾ?,ਨੀਮ ਤੇਲ ਜਾਂ ਫੈਰੋਮੋਨ ਟਰੈਪ ਵਰਤੋ।,pa_IN,general_agriculture
ਗਰਮੀਆਂ ਲਈ ਕਿਹੜੀ ਫ਼ਸਲ ਚੰਗੀ ਹੈ?,"ਗਰਮੀਆਂ ਵਿੱਚ ਮਕਈ, ਜਵਾਰ ਅਤੇ ਬਾਜਰਾ ਵਧੀਆ ਹਨ।",pa_IN,general_agriculture
ਗੰਹੁੰ ਲਈ ਸਭ ਤੋਂ ਵਧੀਆ ਖਾਦ ਕੀ ਹੈ?,ਯੂਰੀਆ ਅਤੇ ਡੀਏਪੀ ਵਰਗੀਆਂ ਨਾਈਟ੍ਰੋਜਨ-ਧਾਰੀ ਖਾਦਾਂ ਵਰਤੋ।,pa_IN,general_agriculture
ਚੌਲ ਲਈ ਕਿੰਨਾ ਪਾਣੀ ਚਾਹੀਦਾ?,ਚੌਲ ਲਈ ਲਗਭਗ 1200mm ਤੋਂ 1500mm ਪਾਣੀ ਲੋੜੀਂਦਾ ਹੈ।,pa_IN,general_agriculture
ਗਰਮੀਆਂ ਲਈ ਕਿਹੜੀ ਫ਼ਸਲ ਚੰਗੀ ਹੈ?,"ਗਰਮੀਆਂ ਵਿੱਚ ਮਕਈ, ਜਵਾਰ ਅਤੇ ਬਾਜਰਾ ਵਧੀਆ ਹਨ।",pa_IN,general_agriculture
ਚੌਲ ਵਿੱਚ ਕੀਟਾਂ ਨੂੰ ਕਿਵੇਂ ਰੋਕਣਾ?,ਨੀਮ ਤੇਲ ਜਾਂ ਫੈਰੋਮੋਨ ਟਰੈਪ ਵਰਤੋ।,pa_IN,general_agriculture
ਗਰਮੀਆਂ ਲਈ ਕਿਹੜੀ ਫ਼ਸਲ ਚੰਗੀ ਹੈ?,"ਗਰਮੀਆਂ ਵਿੱਚ ਮਕਈ, ਜਵਾਰ ਅਤੇ ਬਾਜਰਾ ਵਧੀਆ ਹਨ।",pa_IN,general_agriculture
ਚੌਲ ਲਈ ਕਿੰਨਾ ਪਾਣੀ ਚਾਹੀਦਾ?,ਚੌਲ ਲਈ ਲਗਭਗ 1200mm ਤੋਂ 1500mm ਪਾਣੀ ਲੋੜੀਂਦਾ ਹੈ।,pa_IN,general_agriculture
ਚੌਲ ਲਈ ਕਿੰਨਾ ਪਾਣੀ ਚਾਹੀਦਾ?,ਚੌਲ ਲਈ ਲਗਭਗ 1200mm ਤੋਂ 1500mm ਪਾਣੀ ਲੋੜੀਂਦਾ ਹੈ।,pa_IN,general_agriculture
ਗਰਮੀਆਂ ਲਈ ਕਿਹੜੀ ਫ਼ਸਲ ਚੰਗੀ ਹੈ?,"ਗਰਮੀਆਂ ਵਿੱਚ ਮਕਈ, ਜਵਾਰ ਅਤੇ ਬਾਜਰਾ ਵਧੀਆ ਹਨ।",pa_IN,general_agriculture
ਗਰਮੀਆਂ ਲਈ ਕਿਹੜੀ ਫ਼ਸਲ ਚੰਗੀ ਹੈ?,"ਗਰਮੀਆਂ ਵਿੱਚ ਮਕਈ, ਜਵਾਰ ਅਤੇ ਬਾਜਰਾ ਵਧੀਆ ਹਨ।",pa_IN,general_agriculture
ਚੌਲ ਲਈ ਕਿੰਨਾ ਪਾਣੀ ਚਾਹੀਦਾ?,ਚੌਲ ਲਈ ਲਗਭਗ 1200mm ਤੋਂ 1500mm ਪਾਣੀ ਲੋੜੀਂਦਾ ਹੈ।,pa_IN,general_agriculture
ਗਰਮੀਆਂ ਲਈ ਕਿਹੜੀ ਫ਼ਸਲ ਚੰਗੀ ਹੈ?,"ਗਰਮੀਆਂ ਵਿੱਚ ਮਕਈ, ਜਵਾਰ ਅਤੇ ਬਾਜਰਾ ਵਧੀਆ ਹਨ।",pa_IN,general_agriculture
ਗਰਮੀਆਂ ਲਈ ਕਿਹੜੀ ਫ਼ਸਲ ਚੰਗੀ ਹੈ?,"ਗਰਮੀਆਂ ਵਿੱਚ ਮਕਈ, ਜਵਾਰ ਅਤੇ ਬਾਜਰਾ ਵਧੀਆ ਹਨ।",pa_IN,general_agriculture
ਗੰਹੁੰ ਲਈ ਸਭ ਤੋਂ ਵਧੀਆ ਖਾਦ ਕੀ ਹੈ?,ਯੂਰੀਆ ਅਤੇ ਡੀਏਪੀ ਵਰਗੀਆਂ ਨਾਈਟ੍ਰੋਜਨ-ਧਾਰੀ ਖਾਦਾਂ ਵਰਤੋ।,pa_IN,general_agriculture
ਗੰਹੁੰ ਲਈ ਸਭ ਤੋਂ ਵਧੀਆ ਖਾਦ ਕੀ ਹੈ?,ਯੂਰੀਆ ਅਤੇ ਡੀਏਪੀ ਵਰਗੀਆਂ ਨਾਈਟ੍ਰੋਜਨ-ਧਾਰੀ ਖਾਦਾਂ ਵਰਤੋ।,pa_IN,general_agriculture
ਚੌਲ ਲਈ ਕਿੰਨਾ ਪਾਣੀ ਚਾਹੀਦਾ?,ਚੌਲ ਲਈ ਲਗਭਗ 1200mm ਤੋਂ 1500mm ਪਾਣੀ ਲੋੜੀਂਦਾ ਹੈ।,pa_IN,general_agriculture
ਗੰਹੁੰ ਲਈ ਸਭ ਤੋਂ ਵਧੀਆ ਖਾਦ ਕੀ ਹੈ?,ਯੂਰੀਆ ਅਤੇ ਡੀਏਪੀ ਵਰਗੀਆਂ ਨਾਈਟ੍ਰੋਜਨ-ਧਾਰੀ ਖਾਦਾਂ ਵਰਤੋ।,pa_IN,general_agriculture
ਗਰਮੀਆਂ ਲਈ ਕਿਹੜੀ ਫ਼ਸਲ ਚੰਗੀ ਹੈ?,"ਗਰਮੀਆਂ ਵਿੱਚ ਮਕਈ, ਜਵਾਰ ਅਤੇ ਬਾਜਰਾ ਵਧੀਆ ਹਨ।",pa_IN,general_agriculture
ਗੰਹੁੰ ਲਈ ਸਭ ਤੋਂ ਵਧੀਆ ਖਾਦ ਕੀ ਹੈ?,ਯੂਰੀਆ ਅਤੇ ਡੀਏਪੀ ਵਰਗੀਆਂ ਨਾਈਟ੍ਰੋਜਨ-ਧਾਰੀ ਖਾਦਾਂ ਵਰਤੋ।,pa_IN,general_agriculture
ਗੰਹੁੰ ਲਈ ਸਭ ਤੋਂ ਵਧੀਆ ਖਾਦ ਕੀ ਹੈ?,ਯੂਰੀਆ ਅਤੇ ਡੀਏਪੀ ਵਰਗੀਆਂ ਨਾਈਟ੍ਰੋਜਨ-ਧਾਰੀ ਖਾਦਾਂ ਵਰਤੋ।,pa_IN,general_agriculture
ਚੌਲ ਲਈ ਕਿੰਨਾ ਪਾਣੀ ਚਾਹੀਦਾ?,ਚੌਲ ਲਈ ਲਗਭਗ 1200mm ਤੋਂ 1500mm ਪਾਣੀ ਲੋੜੀਂਦਾ ਹੈ।,pa_IN,general_agriculture
ਗੰਹੁੰ ਲਈ ਸਭ ਤੋਂ ਵਧੀਆ ਖਾਦ ਕੀ ਹੈ?,ਯੂਰੀਆ ਅਤੇ ਡੀਏਪੀ ਵਰਗੀਆਂ ਨਾਈਟ੍ਰੋਜਨ-ਧਾਰੀ ਖਾਦਾਂ ਵਰਤੋ।,pa_IN,general_agriculture
ਚੌਲ ਵਿੱਚ ਕੀਟਾਂ ਨੂੰ ਕਿਵੇਂ ਰੋਕਣਾ?,ਨੀਮ ਤੇਲ ਜਾਂ ਫੈਰੋਮੋਨ ਟਰੈਪ ਵਰਤੋ।,pa_IN,general_agriculture
ਗੰਹੁੰ ਲਈ ਸਭ ਤੋਂ ਵਧੀਆ ਖਾਦ ਕੀ ਹੈ?,ਯੂਰੀਆ ਅਤੇ ਡੀਏਪੀ ਵਰਗੀਆਂ ਨਾਈਟ੍ਰੋਜਨ-ਧਾਰੀ ਖਾਦਾਂ ਵਰਤੋ।,pa_IN,general_agriculture
ਗੰਹੁੰ ਲਈ ਸਭ ਤੋਂ ਵਧੀਆ ਖਾਦ ਕੀ ਹੈ?,ਯੂਰੀਆ ਅਤੇ ਡੀਏਪੀ ਵਰਗੀਆਂ ਨਾਈਟ੍ਰੋਜਨ-ਧਾਰੀ ਖਾਦਾਂ ਵਰਤੋ।,pa_IN,general_agriculture
ਗੰਹੁੰ ਲਈ ਸਭ ਤੋਂ ਵਧੀਆ ਖਾਦ ਕੀ ਹੈ?,ਯੂਰੀਆ ਅਤੇ ਡੀਏਪੀ ਵਰਗੀਆਂ ਨਾਈਟ੍ਰੋਜਨ-ਧਾਰੀ ਖਾਦਾਂ ਵਰਤੋ।,pa_IN,general_agriculture
ਗਰਮੀਆਂ ਲਈ ਕਿਹੜੀ ਫ਼ਸਲ ਚੰਗੀ ਹੈ?,"ਗਰਮੀਆਂ ਵਿੱਚ ਮਕਈ, ਜਵਾਰ ਅਤੇ ਬਾਜਰਾ ਵਧੀਆ ਹਨ।",pa_IN,general_agriculture
ਗੰਹੁੰ ਲਈ ਸਭ ਤੋਂ ਵਧੀਆ ਖਾਦ ਕੀ ਹੈ?,ਯੂਰੀਆ ਅਤੇ ਡੀਏਪੀ ਵਰਗੀਆਂ ਨਾਈਟ੍ਰੋਜਨ-ਧਾਰੀ ਖਾਦਾਂ ਵਰਤੋ।,pa_IN,general_agriculture
ਚੌਲ ਲਈ ਕਿੰਨਾ ਪਾਣੀ ਚਾਹੀਦਾ?,ਚੌਲ ਲਈ ਲਗਭਗ 1200mm ਤੋਂ 1500mm ਪਾਣੀ ਲੋੜੀਂਦਾ ਹੈ।,pa_IN,general_agriculture
ਗੰਨੇ ਲਈ ਸਭ ਤੋਂ ਵਧੀਆ ਮਿੱਟੀ ਕੀ ਹੈ?,ਗੰਨੇ ਲਈ ਚਿਕਣੀ ਮਿੱਟੀ ਚੰਗੀ ਰਹਿੰਦੀ ਹੈ।,pa_IN,general_agriculture
ਗਰਮੀਆਂ ਲਈ ਕਿਹੜੀ ਫ਼ਸਲ ਚੰਗੀ ਹੈ?,"ਗਰਮੀਆਂ ਵਿੱਚ ਮਕਈ, ਜਵਾਰ ਅਤੇ ਬਾਜਰਾ ਵਧੀਆ ਹਨ।",pa_IN,general_agriculture
ਗੰਹੁੰ ਲਈ ਸਭ ਤੋਂ ਵਧੀਆ ਖਾਦ ਕੀ ਹੈ?,ਯੂਰੀਆ ਅਤੇ ਡੀਏਪੀ ਵਰਗੀਆਂ ਨਾਈਟ੍ਰੋਜਨ-ਧਾਰੀ ਖਾਦਾਂ ਵਰਤੋ।,pa_IN,general_agriculture
ਚੌਲ ਵਿੱਚ ਕੀਟਾਂ ਨੂੰ ਕਿਵੇਂ ਰੋਕਣਾ?,ਨੀਮ ਤੇਲ ਜਾਂ ਫੈਰੋਮੋਨ ਟਰੈਪ ਵਰਤੋ।,pa_IN,general_agriculture
ਗਰਮੀਆਂ ਲਈ ਕਿਹੜੀ ਫ਼ਸਲ ਚੰਗੀ ਹੈ?,"ਗਰਮੀਆਂ ਵਿੱਚ ਮਕਈ, ਜਵਾਰ ਅਤੇ ਬਾਜਰਾ ਵਧੀਆ ਹਨ।",pa_IN,general_agriculture
ਚੌਲ ਲਈ ਕਿੰਨਾ ਪਾਣੀ ਚਾਹੀਦਾ?,ਚੌਲ ਲਈ ਲਗਭਗ 1200mm ਤੋਂ 1500mm ਪਾਣੀ ਲੋੜੀਂਦਾ ਹੈ।,pa_IN,general_agriculture
ਗੰਨੇ ਲਈ ਸਭ ਤੋਂ ਵਧੀਆ ਮਿੱਟੀ ਕੀ ਹੈ?,ਗੰਨੇ ਲਈ ਚਿਕਣੀ ਮਿੱਟੀ ਚੰਗੀ ਰਹਿੰਦੀ ਹੈ।,pa_IN,general_agriculture
ਗਰਮੀਆਂ ਲਈ ਕਿਹੜੀ ਫ਼ਸਲ ਚੰਗੀ ਹੈ?,"ਗਰਮੀਆਂ ਵਿੱਚ ਮਕਈ, ਜਵਾਰ ਅਤੇ ਬਾਜਰਾ ਵਧੀਆ ਹਨ।",pa_IN,general_agriculture
ਗਰਮੀਆਂ ਲਈ ਕਿਹੜੀ ਫ਼ਸਲ ਚੰਗੀ ਹੈ?,"ਗਰਮੀਆਂ ਵਿੱਚ ਮਕਈ, ਜਵਾਰ ਅਤੇ ਬਾਜਰਾ ਵਧੀਆ ਹਨ।",pa_IN,general_agriculture
ਗਰਮੀਆਂ ਲਈ ਕਿਹੜੀ ਫ਼ਸਲ ਚੰਗੀ ਹੈ?,"ਗਰਮੀਆਂ ਵਿੱਚ ਮਕਈ, ਜਵਾਰ ਅਤੇ ਬਾਜਰਾ ਵਧੀਆ ਹਨ।",pa_IN,general_agriculture
ਗੰਹੁੰ ਲਈ ਸਭ ਤੋਂ ਵਧੀਆ ਖਾਦ ਕੀ ਹੈ?,ਯੂਰੀਆ ਅਤੇ ਡੀਏਪੀ ਵਰਗੀਆਂ ਨਾਈਟ੍ਰੋਜਨ-ਧਾਰੀ ਖਾਦਾਂ ਵਰਤੋ।,pa_IN,general_agriculture
ਗਰਮੀਆਂ ਲਈ ਕਿਹੜੀ ਫ਼ਸਲ ਚੰਗੀ ਹੈ?,"ਗਰਮੀਆਂ ਵਿੱਚ ਮਕਈ, ਜਵਾਰ ਅਤੇ ਬਾਜਰਾ ਵਧੀਆ ਹਨ।",pa_IN,general_agriculture
ਗੰਹੁੰ ਲਈ ਸਭ ਤੋਂ ਵਧੀਆ ਖਾਦ ਕੀ ਹੈ?,ਯੂਰੀਆ ਅਤੇ ਡੀਏਪੀ ਵਰਗੀਆਂ ਨਾਈਟ੍ਰੋਜਨ-ਧਾਰੀ ਖਾਦਾਂ ਵਰਤੋ।,pa_IN,general_agriculture
ਚੌਲ ਲਈ ਕਿੰਨਾ ਪਾਣੀ ਚਾਹੀਦਾ?,ਚੌਲ ਲਈ ਲਗਭਗ 1200mm ਤੋਂ 1500mm ਪਾਣੀ ਲੋੜੀਂਦਾ ਹੈ।,pa_IN,general_agriculture
ਗੰਨੇ ਲਈ ਸਭ ਤੋਂ ਵਧੀਆ ਮਿੱਟੀ ਕੀ ਹੈ?,ਗੰਨੇ ਲਈ ਚਿਕਣੀ ਮਿੱਟੀ ਚੰਗੀ ਰਹਿੰਦੀ ਹੈ।,pa_IN,general_agriculture
ઉનાળામાં કઈ ખેતી શ્રેષ્ઠ છે?,"મકાઈ, જુવાર અને બાજરી ઉનાળામાં સારી રહે છે.",gu_IN,general_agriculture
ગહું માટે શ્રેષ્ઠ ખાતર શું છે?,યુરિયા અને ડી.એ.પી. જેવા નાઇટ્રોજનયુક્ત ખાતરો વાપરો.,gu_IN,general_agriculture
તંદુરસ્ત ધાન માટે કયો ઉપાય છે?,નીમ તેલ અથવા ફેરોમોન ટ્રેપ ઉપયોગ કરો.,gu_IN,general_agriculture
ઉત્તમ શેરડી ખેતી માટે કઈ માટી શ્રેષ્ઠ છે?,શેરડી માટે સારી નિકાસવાળી દોળમટ માટી શ્રેષ્ઠ છે.,gu_IN,general_agriculture
ધાન માટે કેટલું પાણી જોઈએ?,ધાન માટે 1200mm થી 1500mm પાણી જરૂરી છે.,gu_IN,general_agriculture
ઉનાળામાં કઈ ખેતી શ્રેષ્ઠ છે?,"મકાઈ, જુવાર અને બાજરી ઉનાળામાં સારી રહે છે.",gu_IN,general_agriculture
ધાન માટે કેટલું પાણી જોઈએ?,ધાન માટે 1200mm થી 1500mm પાણી જરૂરી છે.,gu_IN,general_agriculture
તંદુરસ્ત ધાન માટે કયો ઉપાય છે?,નીમ તેલ અથવા ફેરોમોન ટ્રેપ ઉપયોગ કરો.,gu_IN,general_agriculture
ઉત્તમ શેરડી ખેતી માટે કઈ માટી શ્રેષ્ઠ છે?,શેરડી માટે સારી નિકાસવાળી દોળમટ માટી શ્રેષ્ઠ છે.,gu_IN,general_agriculture
તંદુરસ્ત ધાન માટે કયો ઉપાય છે?,નીમ તેલ અથવા ફેરોમોન ટ્રેપ ઉપયોગ કરો.,gu_IN,general_agriculture
ધાન માટે કેટલું પાણી જોઈએ?,ધાન માટે 1200mm થી 1500mm પાણી જરૂરી છે.,gu_IN,general_agriculture
ગહું માટે શ્રેષ્ઠ ખાતર શું છે?,યુરિયા અને ડી.એ.પી. જેવા નાઇટ્રોજનયુક્ત ખાતરો વાપરો.,gu_IN,general_agriculture
ઉનાળામાં કઈ ખેતી શ્રેષ્ઠ છે?,"મકાઈ, જુવાર અને બાજરી ઉનાળામાં સારી રહે છે.",gu_IN,general_agriculture
તંદુરસ્ત ધાન માટે કયો ઉપાય છે?,નીમ તેલ અથવા ફેરોમોન ટ્રેપ ઉપયોગ કરો.,gu_IN,general_agriculture
ધાન માટે કેટલું પાણી જોઈએ?,ધાન માટે 1200mm થી 1500mm પાણી જરૂરી છે.,gu_IN,general_agriculture
તંદુરસ્ત ધાન માટે કયો ઉપાય છે?,નીમ તેલ અથવા ફેરોમોન ટ્રેપ ઉપયોગ કરો.,gu_IN,general_agriculture
ઉત્તમ શેરડી ખેતી માટે કઈ માટી શ્રેષ્ઠ છે?,શેરડી માટે સારી નિકાસવાળી દોળમટ માટી શ્રેષ્ઠ છે.,gu_IN,general_agriculture
તંદુરસ્ત ધાન માટે કયો ઉપાય છે?,નીમ તેલ અથવા ફેરોમોન ટ્રેપ ઉપયોગ કરો.,gu_IN,general_agriculture
તંદુરસ્ત ધાન માટે કયો ઉપાય છે?,નીમ તેલ અથવા ફેરોમોન ટ્રેપ ઉપયોગ કરો.,gu_IN,general_agriculture
તંદુરસ્ત ધાન માટે કયો ઉપાય છે?,નીમ તેલ અથવા ફેરોમોન ટ્રેપ ઉપયોગ કરો.,gu_IN,general_agriculture
ધાન માટે કેટલું પાણી જોઈએ?,ધાન માટે 1200mm થી 1500mm પાણી જરૂરી છે.,gu_IN,general_agriculture
ધાન માટે કેટલું પાણી જોઈએ?,ધાન માટે 1200mm થી 1500mm પાણી જરૂરી છે.,gu_IN,general_agriculture
ગહું માટે શ્રેષ્ઠ ખાતર શું છે?,યુરિયા અને ડી.એ.પી. જેવા નાઇટ્રોજનયુક્ત ખાતરો વાપરો.,gu_IN,general_agriculture
ધાન માટે કેટલું પાણી જોઈએ?,ધાન માટે 1200mm થી 1500mm પાણી જરૂરી છે.,gu_IN,general_agriculture
તંદુરસ્ત ધાન માટે કયો ઉપાય છે?,નીમ તેલ અથવા ફેરોમોન ટ્રેપ ઉપયોગ કરો.,gu_IN,general_agriculture
ઉનાળામાં કઈ ખેતી શ્રેષ્ઠ છે?,"મકાઈ, જુવાર અને બાજરી ઉનાળામાં સારી રહે છે.",gu_IN,general_agriculture
ગહું માટે શ્રેષ્ઠ ખાતર શું છે?,યુરિયા અને ડી.એ.પી. જેવા નાઇટ્રોજનયુક્ત ખાતરો વાપરો.,gu_IN,general_agriculture
ધાન માટે કેટલું પાણી જોઈએ?,ધાન માટે 1200mm થી 1500mm પાણી જરૂરી છે.,gu_IN,general_agriculture
ગહું માટે શ્રેષ્ઠ ખાતર શું છે?,યુરિયા અને ડી.એ.પી. જેવા નાઇટ્રોજનયુક્ત ખાતરો વાપરો.,gu_IN,general_agriculture
ઉનાળામાં કઈ ખેતી શ્રેષ્ઠ છે?,"મકાઈ, જુવાર અને બાજરી ઉનાળામાં સારી રહે છે.",gu_IN,general_agriculture
તંદુરસ્ત ધાન માટે કયો ઉપાય છે?,નીમ તેલ અથવા ફેરોમોન ટ્રેપ ઉપયોગ કરો.,gu_IN,general_agriculture
ધાન માટે કેટલું પાણી જોઈએ?,ધાન માટે 1200mm થી 1500mm પાણી જરૂરી છે.,gu_IN,general_agriculture
ઉનાળામાં કઈ ખેતી શ્રેષ્ઠ છે?,"મકાઈ, જુવાર અને બાજરી ઉનાળામાં સારી રહે છે.",gu_IN,general_agriculture
તંદુરસ્ત ધાન માટે કયો ઉપાય છે?,નીમ તેલ અથવા ફેરોમોન ટ્રેપ ઉપયોગ કરો.,gu_IN,general_agriculture
ગહું માટે શ્રેષ્ઠ ખાતર શું છે?,યુરિયા અને ડી.એ.પી. જેવા નાઇટ્રોજનયુક્ત ખાતરો વાપરો.,gu_IN,general_agriculture
ઉનાળામાં કઈ ખેતી શ્રેષ્ઠ છે?,"મકાઈ, જુવાર અને બાજરી ઉનાળામાં સારી રહે છે.",gu_IN,general_agriculture
તંદુરસ્ત ધાન માટે કયો ઉપાય છે?,નીમ તેલ અથવા ફેરોમોન ટ્રેપ ઉપયોગ કરો.,gu_IN,general_agriculture
તંદુરસ્ત ધાન માટે કયો ઉપાય છે?,નીમ તેલ અથવા ફેરોમોન ટ્રેપ ઉપયોગ કરો.,gu_IN,general_agriculture
ધાન માટે કેટલું પાણી જોઈએ?,ધાન માટે 1200mm થી 1500mm પાણી જરૂરી છે.,gu_IN,general_agriculture
ધાન માટે કેટલું પાણી જોઈએ?,ધાન માટે 1200mm થી 1500mm પાણી જરૂરી છે.,gu_IN,general_agriculture
ધાન માટે કેટલું પાણી જોઈએ?,ધાન માટે 1200mm થી 1500mm પાણી જરૂરી છે.,gu_IN,general_agriculture
ઉનાળામાં કઈ ખેતી શ્રેષ્ઠ છે?,"મકાઈ, જુવાર અને બાજરી ઉનાળામાં સારી રહે છે.",gu_IN,general_agriculture
ઉનાળામાં કઈ ખેતી શ્રેષ્ઠ છે?,"મકાઈ, જુવાર અને બાજરી ઉનાળામાં સારી રહે છે.",gu_IN,general_agriculture
ઉનાળામાં કઈ ખેતી શ્રેષ્ઠ છે?,"મકાઈ, જુવાર અને બાજરી ઉનાળામાં સારી રહે છે.",gu_IN,general_agriculture
ગહું માટે શ્રેષ્ઠ ખાતર શું છે?,યુરિયા અને ડી.એ.પી. જેવા નાઇટ્રોજનયુક્ત ખાતરો વાપરો.,gu_IN,general_agriculture
ધાન માટે કેટલું પાણી જોઈએ?,ધાન માટે 1200mm થી 1500mm પાણી જરૂરી છે.,gu_IN,general_agriculture
તંદુરસ્ત ધાન માટે કયો ઉપાય છે?,નીમ તેલ અથવા ફેરોમોન ટ્રેપ ઉપયોગ કરો.,gu_IN,general_agriculture
ધાન માટે કેટલું પાણી જોઈએ?,ધાન માટે 1200mm થી 1500mm પાણી જરૂરી છે.,gu_IN,general_agriculture
ગહું માટે શ્રેષ્ઠ ખાતર શું છે?,યુરિયા અને ડી.એ.પી. જેવા નાઇટ્રોજનયુક્ત ખાતરો વાપરો.,gu_IN,general_agriculture
ધાન માટે કેટલું પાણી જોઈએ?,ધાન માટે 1200mm થી 1500mm પાણી જરૂરી છે.,gu_IN,general_agriculture
તંદુરસ્ત ધાન માટે કયો ઉપાય છે?,નીમ તેલ અથવા ફેરોમોન ટ્રેપ ઉપયોગ કરો.,gu_IN,general_agriculture
તંદુરસ્ત ધાન માટે કયો ઉપાય છે?,નીમ તેલ અથવા ફેરોમોન ટ્રેપ ઉપયોગ કરો.,gu_IN,general_agriculture
ઉનાળામાં કઈ ખેતી શ્રેષ્ઠ છે?,"મકાઈ, જુવાર અને બાજરી ઉનાળામાં સારી રહે છે.",gu_IN,general_agriculture
ગહું માટે શ્રેષ્ઠ ખાતર શું છે?,યુરિયા અને ડી.એ.પી. જેવા નાઇટ્રોજનયુક્ત ખાતરો વાપરો.,gu_IN,general_agriculture
ગહું માટે શ્રેષ્ઠ ખાતર શું છે?,યુરિયા અને ડી.એ.પી. જેવા નાઇટ્રોજનયુક્ત ખાતરો વાપરો.,gu_IN,general_agriculture
તંદુરસ્ત ધાન માટે કયો ઉપાય છે?,નીમ તેલ અથવા ફેરોમોન ટ્રેપ ઉપયોગ કરો.,gu_IN,general_agriculture
ગહું માટે શ્રેષ્ઠ ખાતર શું છે?,યુરિયા અને ડી.એ.પી. જેવા નાઇટ્રોજનયુક્ત ખાતરો વાપરો.,gu_IN,general_agriculture
તંદુરસ્ત ધાન માટે કયો ઉપાય છે?,નીમ તેલ અથવા ફેરોમોન ટ્રેપ ઉપયોગ કરો.,gu_IN,general_agriculture
તંદુરસ્ત ધાન માટે કયો ઉપાય છે?,નીમ તેલ અથવા ફેરોમોન ટ્રેપ ઉપયોગ કરો.,gu_IN,general_agriculture
ધાન માટે કેટલું પાણી જોઈએ?,ધાન માટે 1200mm થી 1500mm પાણી જરૂરી છે.,gu_IN,general_agriculture
ઉત્તમ શેરડી ખેતી માટે કઈ માટી શ્રેષ્ઠ છે?,શેરડી માટે સારી નિકાસવાળી દોળમટ માટી શ્રેષ્ઠ છે.,gu_IN,general_agriculture
ધાન માટે કેટલું પાણી જોઈએ?,ધાન માટે 1200mm થી 1500mm પાણી જરૂરી છે.,gu_IN,general_agriculture
તંદુરસ્ત ધાન માટે કયો ઉપાય છે?,નીમ તેલ અથવા ફેરોમોન ટ્રેપ ઉપયોગ કરો.,gu_IN,general_agriculture
ઉનાળામાં કઈ ખેતી શ્રેષ્ઠ છે?,"મકાઈ, જુવાર અને બાજરી ઉનાળામાં સારી રહે છે.",gu_IN,general_agriculture
ઉત્તમ શેરડી ખેતી માટે કઈ માટી શ્રેષ્ઠ છે?,શેરડી માટે સારી નિકાસવાળી દોળમટ માટી શ્રેષ્ઠ છે.,gu_IN,general_agriculture
ઉનાળામાં કઈ ખેતી શ્રેષ્ઠ છે?,"મકાઈ, જુવાર અને બાજરી ઉનાળામાં સારી રહે છે.",gu_IN,general_agriculture
ઉનાળામાં કઈ ખેતી શ્રેષ્ઠ છે?,"મકાઈ, જુવાર અને બાજરી ઉનાળામાં સારી રહે છે.",gu_IN,general_agriculture
તંદુરસ્ત ધાન માટે કયો ઉપાય છે?,નીમ તેલ અથવા ફેરોમોન ટ્રેપ ઉપયોગ કરો.,gu_IN,general_agriculture
ધાન માટે કેટલું પાણી જોઈએ?,ધાન માટે 1200mm થી 1500mm પાણી જરૂરી છે.,gu_IN,general_agriculture
ગહું માટે શ્રેષ્ઠ ખાતર શું છે?,યુરિયા અને ડી.એ.પી. જેવા નાઇટ્રોજનયુક્ત ખાતરો વાપરો.,gu_IN,general_agriculture
ગહું માટે શ્રેષ્ઠ ખાતર શું છે?,યુરિયા અને ડી.એ.પી. જેવા નાઇટ્રોજનયુક્ત ખાતરો વાપરો.,gu_IN,general_agriculture
ઉનાળામાં કઈ ખેતી શ્રેષ્ઠ છે?,"મકાઈ, જુવાર અને બાજરી ઉનાળામાં સારી રહે છે.",gu_IN,general_agriculture
તંદુરસ્ત ધાન માટે કયો ઉપાય છે?,નીમ તેલ અથવા ફેરોમોન ટ્રેપ ઉપયોગ કરો.,gu_IN,general_agriculture
તંદુરસ્ત ધાન માટે કયો ઉપાય છે?,નીમ તેલ અથવા ફેરોમોન ટ્રેપ ઉપયોગ કરો.,gu_IN,general_agriculture
તંદુરસ્ત ધાન માટે કયો ઉપાય છે?,નીમ તેલ અથવા ફેરોમોન ટ્રેપ ઉપયોગ કરો.,gu_IN,general_agriculture
તંદુરસ્ત ધાન માટે કયો ઉપાય છે?,નીમ તેલ અથવા ફેરોમોન ટ્રેપ ઉપયોગ કરો.,gu_IN,general_agriculture
તંદુરસ્ત ધાન માટે કયો ઉપાય છે?,નીમ તેલ અથવા ફેરોમોન ટ્રેપ ઉપયોગ કરો.,gu_IN,general_agriculture
ઉનાળામાં કઈ ખેતી શ્રેષ્ઠ છે?,"મકાઈ, જુવાર અને બાજરી ઉનાળામાં સારી રહે છે.",gu_IN,general_agriculture
ધાન માટે કેટલું પાણી જોઈએ?,ધાન માટે 1200mm થી 1500mm પાણી જરૂરી છે.,gu_IN,general_agriculture
તંદુરસ્ત ધાન માટે કયો ઉપાય છે?,નીમ તેલ અથવા ફેરોમોન ટ્રેપ ઉપયોગ કરો.,gu_IN,general_agriculture
ઉનાળામાં કઈ ખેતી શ્રેષ્ઠ છે?,"મકાઈ, જુવાર અને બાજરી ઉનાળામાં સારી રહે છે.",gu_IN,general_agriculture
તંદુરસ્ત ધાન માટે કયો ઉપાય છે?,નીમ તેલ અથવા ફેરોમોન ટ્રેપ ઉપયોગ કરો.,gu_IN,general_agriculture
ઉનાળામાં કઈ ખેતી શ્રેષ્ઠ છે?,"મકાઈ, જુવાર અને બાજરી ઉનાળામાં સારી રહે છે.",gu_IN,general_agriculture
તંદુરસ્ત ધાન માટે કયો ઉપાય છે?,નીમ તેલ અથવા ફેરોમોન ટ્રેપ ઉપયોગ કરો.,gu_IN,general_agriculture
ધાન માટે કેટલું પાણી જોઈએ?,ધાન માટે 1200mm થી 1500mm પાણી જરૂરી છે.,gu_IN,general_agriculture
તંદુરસ્ત ધાન માટે કયો ઉપાય છે?,નીમ તેલ અથવા ફેરોમોન ટ્રેપ ઉપયોગ કરો.,gu_IN,general_agriculture
ઉનાળામાં કઈ ખેતી શ્રેષ્ઠ છે?,"મકાઈ, જુવાર અને બાજરી ઉનાળામાં સારી રહે છે.",gu_IN,general_agriculture
ઉનાળામાં કઈ ખેતી શ્રેષ્ઠ છે?,"મકાઈ, જુવાર અને બાજરી ઉનાળામાં સારી રહે છે.",gu_IN,general_agriculture
ધાન માટે કેટલું પાણી જોઈએ?,ધાન માટે 1200mm થી 1500mm પાણી જરૂરી છે.,gu_IN,general_agriculture
ધાન માટે કેટલું પાણી જોઈએ?,ધાન માટે 1200mm થી 1500mm પાણી જરૂરી છે.,gu_IN,general_agriculture
ધાન માટે કેટલું પાણી જોઈએ?,ધાન માટે 1200mm થી 1500mm પાણી જરૂરી છે.,gu_IN,general_agriculture
ગહું માટે શ્રેષ્ઠ ખાતર શું છે?,યુરિયા અને ડી.એ.પી. જેવા નાઇટ્રોજનયુક્ત ખાતરો વાપરો.,gu_IN,general_agriculture
ધાન માટે કેટલું પાણી જોઈએ?,ધાન માટે 1200mm થી 1500mm પાણી જરૂરી છે.,gu_IN,general_agriculture
ધાન માટે કેટલું પાણી જોઈએ?,ધાન માટે 1200mm થી 1500mm પાણી જરૂરી છે.,gu_IN,general_agriculture
ધાન માટે કેટલું પાણી જોઈએ?,ધાન માટે 1200mm થી 1500mm પાણી જરૂરી છે.,gu_IN,general_agriculture
તંદુરસ્ત ધાન માટે કયો ઉપાય છે?,નીમ તેલ અથવા ફેરોમોન ટ્રેપ ઉપયોગ કરો.,gu_IN,general_agriculture
ધાન માટે કેટલું પાણી જોઈએ?,ધાન માટે 1200mm થી 1500mm પાણી જરૂરી છે.,gu_IN,general_agriculture
ઉનાળામાં કઈ ખેતી શ્રેષ્ઠ છે?,"મકાઈ, જુવાર અને બાજરી ઉનાળામાં સારી રહે છે.",gu_IN,general_agriculture
તંદુરસ્ત ધાન માટે કયો ઉપાય છે?,નીમ તેલ અથવા ફેરોમોન ટ્રેપ ઉપયોગ કરો.,gu_IN,general_agriculture
ધાન માટે કેટલું પાણી જોઈએ?,ધાન માટે 1200mm થી 1500mm પાણી જરૂરી છે.,gu_IN,general_agriculture
